State,Station Name (LEA),NSN,Item Name,Quantity,UI,Acquisition Value,DEMIL Code,DEMIL IC,Ship Date,Station Type
KS,ARMA POLICE DEPT,1005-00-589-1271,"RIFLE,7.62 MILLIMETER",1,Each,138,D,1,1995-04-13 00:00:00,State
KS,ARMA POLICE DEPT,1005-00-589-1271,"RIFLE,7.62 MILLIMETER",1,Each,138,D,1,1994-11-07 00:00:00,State
KS,ARMA POLICE DEPT,1005-00-856-6885,"RIFLE,5.56 MILLIMETER",1,Each,120,D,1,2011-04-15 00:00:00,State
KS,BALDWIN CITY POLICE DEPARTMENT,1005-00-856-6885,"RIFLE,5.56 MILLIMETER",1,Each,120,D,1,2011-04-19 00:00:00,State
KS,BALDWIN CITY POLICE DEPARTMENT,1005-00-856-6885,"RIFLE,5.56 MILLIMETER",1,Each,120,D,1,2010-02-10 00:00:00,State
KS,BALDWIN CITY POLICE DEPARTMENT,1005-00-856-6885,"RIFLE,5.56 MILLIMETER",1,Each,120,D,1,2010-02-10 00:00:00,State
KS,BALDWIN CITY POLICE DEPARTMENT,1005-00-856-6885,"RIFLE,5.56 MILLIMETER",1,Each,120,D,1,2011-04-19 00:00:00,State
KS,BARTON COUNTY  SHERIFF OFFICE,1005-00-726-5655,"PISTOL,CALIBER .45,AUTOMATIC",1,Each,58.71,D,1,2011-11-28 00:00:00,State
KS,BARTON COUNTY  SHERIFF OFFICE,1005-00-726-5655,"PISTOL,CALIBER .45,AUTOMATIC",1,Each,58.71,D,1,2011-11-28 00:00:00,State
KS,BARTON COUNTY  SHERIFF OFFICE,1005-00-073-9421,"RIFLE,5.56 MILLIMETER",1,Each,499,D,1,1997-05-01 00:00:00,State
KS,BARTON COUNTY  SHERIFF OFFICE,1005-00-726-5655,"PISTOL,CALIBER .45,AUTOMATIC",1,Each,58.71,D,1,2011-11-28 00:00:00,State
KS,BARTON COUNTY  SHERIFF OFFICE,1005-00-073-9421,"RIFLE,5.56 MILLIMETER",1,Each,499,D,1,1997-05-01 00:00:00,State
KS,BARTON COUNTY  SHERIFF OFFICE,1005-00-179-0300,"RIFLE,7.62 MILLIMETER",1,Each,1278,D,1,1995-07-10 00:00:00,State
KS,BARTON COUNTY  SHERIFF OFFICE,1005-00-179-0300,"RIFLE,7.62 MILLIMETER",1,Each,1278,D,1,1995-07-10 00:00:00,State
KS,BARTON COUNTY  SHERIFF OFFICE,1005-00-726-5655,"PISTOL,CALIBER .45,AUTOMATIC",1,Each,58.71,D,1,2011-11-28 00:00:00,State
KS,BARTON COUNTY  SHERIFF OFFICE,1005-00-726-5655,"PISTOL,CALIBER .45,AUTOMATIC",1,Each,58.71,D,1,2011-11-28 00:00:00,State
KS,BARTON COUNTY  SHERIFF OFFICE,1005-00-726-5655,"PISTOL,CALIBER .45,AUTOMATIC",1,Each,58.71,D,1,2011-11-28 00:00:00,State
KS,BARTON COUNTY  SHERIFF OFFICE,1005-00-726-5655,"PISTOL,CALIBER .45,AUTOMATIC",1,Each,58.71,D,1,2010-08-27 00:00:00,State
KS,BARTON COUNTY  SHERIFF OFFICE,1005-00-726-5655,"PISTOL,CALIBER .45,AUTOMATIC",1,Each,58.71,D,1,2011-11-28 00:00:00,State
KS,BARTON COUNTY  SHERIFF OFFICE,1005-00-726-5655,"PISTOL,CALIBER .45,AUTOMATIC",1,Each,58.71,D,1,2011-11-28 00:00:00,State
KS,BARTON COUNTY  SHERIFF OFFICE,1005-00-726-5655,"PISTOL,CALIBER .45,AUTOMATIC",1,Each,58.71,D,1,2011-11-28 00:00:00,State
KS,BARTON COUNTY  SHERIFF OFFICE,1005-00-073-9421,"RIFLE,5.56 MILLIMETER",1,Each,499,D,1,1998-12-17 00:00:00,State
KS,BARTON COUNTY  SHERIFF OFFICE,1005-00-073-9421,"RIFLE,5.56 MILLIMETER",1,Each,499,D,1,1998-12-17 00:00:00,State
KS,BARTON COUNTY  SHERIFF OFFICE,1005-00-073-9421,"RIFLE,5.56 MILLIMETER",1,Each,499,D,1,1998-12-17 00:00:00,State
KS,BARTON COUNTY  SHERIFF OFFICE,1005-00-073-9421,"RIFLE,5.56 MILLIMETER",1,Each,499,D,1,1998-12-17 00:00:00,State
KS,BARTON COUNTY  SHERIFF OFFICE,1005-00-726-5655,"PISTOL,CALIBER .45,AUTOMATIC",1,Each,58.71,D,1,2011-11-28 00:00:00,State
KS,BARTON COUNTY  SHERIFF OFFICE,1005-00-726-5655,"PISTOL,CALIBER .45,AUTOMATIC",1,Each,58.71,D,1,2011-11-28 00:00:00,State
KS,BARTON COUNTY  SHERIFF OFFICE,1005-00-726-5655,"PISTOL,CALIBER .45,AUTOMATIC",1,Each,58.71,D,1,2011-11-28 00:00:00,State
KS,BARTON COUNTY  SHERIFF OFFICE,1005-00-726-5655,"PISTOL,CALIBER .45,AUTOMATIC",1,Each,58.71,D,1,2011-11-28 00:00:00,State
KS,BARTON COUNTY  SHERIFF OFFICE,1005-00-726-5655,"PISTOL,CALIBER .45,AUTOMATIC",1,Each,58.71,D,1,2011-11-28 00:00:00,State
KS,BARTON COUNTY  SHERIFF OFFICE,1005-00-073-9421,"RIFLE,5.56 MILLIMETER",1,Each,499,D,1,1998-12-17 00:00:00,State
KS,BARTON COUNTY  SHERIFF OFFICE,1005-00-073-9421,"RIFLE,5.56 MILLIMETER",1,Each,499,D,1,1998-12-17 00:00:00,State
KS,BARTON COUNTY  SHERIFF OFFICE,1005-00-726-5655,"PISTOL,CALIBER .45,AUTOMATIC",1,Each,58.71,D,1,2010-08-27 00:00:00,State
KS,BARTON COUNTY  SHERIFF OFFICE,1005-00-726-5655,"PISTOL,CALIBER .45,AUTOMATIC",1,Each,58.71,D,1,2011-11-28 00:00:00,State
KS,BARTON COUNTY  SHERIFF OFFICE,1005-00-726-5655,"PISTOL,CALIBER .45,AUTOMATIC",1,Each,58.71,D,1,2011-11-28 00:00:00,State
KS,BAXTER SPRINGS POLICE DEPT,1005-00-073-9421,"RIFLE,5.56 MILLIMETER",1,Each,499,D,1,2013-08-20 00:00:00,State
KS,BAXTER SPRINGS POLICE DEPT,1005-00-073-9421,"RIFLE,5.56 MILLIMETER",1,Each,499,D,1,2013-08-20 00:00:00,State
KS,BAXTER SPRINGS POLICE DEPT,1005-00-589-1271,"RIFLE,7.62 MILLIMETER",1,Each,138,D,1,1994-11-08 00:00:00,State
KS,BAXTER SPRINGS POLICE DEPT,1005-00-589-1271,"RIFLE,7.62 MILLIMETER",1,Each,138,D,1,1994-11-08 00:00:00,State
KS,BAXTER SPRINGS POLICE DEPT,1005-00-073-9421,"RIFLE,5.56 MILLIMETER",1,Each,499,D,1,2013-08-20 00:00:00,State
KS,BAXTER SPRINGS POLICE DEPT,1005-00-073-9421,"RIFLE,5.56 MILLIMETER",1,Each,499,D,1,2013-08-20 00:00:00,State
KS,BAXTER SPRINGS POLICE DEPT,1005-00-073-9421,"RIFLE,5.56 MILLIMETER",1,Each,499,D,1,2013-08-20 00:00:00,State
KS,BAXTER SPRINGS POLICE DEPT,1005-00-073-9421,"RIFLE,5.56 MILLIMETER",1,Each,499,D,1,2013-08-20 00:00:00,State
KS,BAXTER SPRINGS POLICE DEPT,1005-00-073-9421,"RIFLE,5.56 MILLIMETER",1,Each,499,D,1,2013-08-20 00:00:00,State
KS,BAXTER SPRINGS POLICE DEPT,1005-00-073-9421,"RIFLE,5.56 MILLIMETER",1,Each,499,D,1,2013-08-20 00:00:00,State
KS,BAXTER SPRINGS POLICE DEPT,1005-00-073-9421,"RIFLE,5.56 MILLIMETER",1,Each,499,D,1,2013-08-20 00:00:00,State
KS,BURLINGTON POLICE DEPT,1005-00-726-5655,"PISTOL,CALIBER .45,AUTOMATIC",1,Each,58.71,D,1,2011-01-18 00:00:00,State
KS,BURLINGTON POLICE DEPT,1005-00-726-5655,"PISTOL,CALIBER .45,AUTOMATIC",1,Each,58.71,D,1,2011-01-18 00:00:00,State
KS,BURLINGTON POLICE DEPT,1005-00-726-5655,"PISTOL,CALIBER .45,AUTOMATIC",1,Each,58.71,D,1,2010-03-08 00:00:00,State
KS,BURLINGTON POLICE DEPT,1005-00-726-5655,"PISTOL,CALIBER .45,AUTOMATIC",1,Each,58.71,D,1,2010-03-08 00:00:00,State
KS,BURLINGTON POLICE DEPT,1005-00-073-9421,"RIFLE,5.56 MILLIMETER",1,Each,499,D,1,2011-11-29 00:00:00,State
KS,BURLINGTON POLICE DEPT,1005-00-073-9421,"RIFLE,5.56 MILLIMETER",1,Each,499,D,1,2011-11-29 00:00:00,State
KS,BURLINGTON POLICE DEPT,1005-00-073-9421,"RIFLE,5.56 MILLIMETER",1,Each,499,D,1,2011-11-29 00:00:00,State
KS,BURLINGTON POLICE DEPT,1005-00-073-9421,"RIFLE,5.56 MILLIMETER",1,Each,499,D,1,2011-11-29 00:00:00,State
KS,BURLINGTON POLICE DEPT,1005-00-073-9421,"RIFLE,5.56 MILLIMETER",1,Each,499,D,1,2011-11-29 00:00:00,State
KS,BURLINGTON POLICE DEPT,1005-00-726-5655,"PISTOL,CALIBER .45,AUTOMATIC",1,Each,58.71,D,1,2011-01-18 00:00:00,State
KS,BURLINGTON POLICE DEPT,1005-00-726-5655,"PISTOL,CALIBER .45,AUTOMATIC",1,Each,58.71,D,1,2011-01-18 00:00:00,State
KS,BURLINGTON POLICE DEPT,1005-00-073-9421,"RIFLE,5.56 MILLIMETER",1,Each,499,D,1,2011-11-29 00:00:00,State
KS,BURLINGTON POLICE DEPT,1005-00-726-5655,"PISTOL,CALIBER .45,AUTOMATIC",1,Each,58.71,D,1,2011-01-18 00:00:00,State
KS,BURLINGTON POLICE DEPT,1005-00-856-6885,"RIFLE,5.56 MILLIMETER",1,Each,120,D,1,2010-03-18 00:00:00,State
KS,BURLINGTON POLICE DEPT,1005-00-589-1271,"RIFLE,7.62 MILLIMETER",1,Each,138,D,1,2010-03-17 00:00:00,State
KS,BUTLER COMM COLLEGE DPS HI_ED,1005-00-856-6885,"RIFLE,5.56 MILLIMETER",1,Each,120,D,1,2010-03-11 00:00:00,State
KS,BUTLER COMM COLLEGE DPS HI_ED,1005-00-856-6885,"RIFLE,5.56 MILLIMETER",1,Each,120,D,1,2010-03-11 00:00:00,State
KS,BUTLER COMM COLLEGE DPS HI_ED,1005-00-856-6885,"RIFLE,5.56 MILLIMETER",1,Each,120,D,1,2010-03-11 00:00:00,State
KS,BUTLER COMM COLLEGE DPS HI_ED,1005-00-856-6885,"RIFLE,5.56 MILLIMETER",1,Each,120,D,1,2010-03-11 00:00:00,State
KS,BUTLER COMM COLLEGE DPS HI_ED,1005-00-856-6885,"RIFLE,5.56 MILLIMETER",1,Each,120,D,1,2010-03-11 00:00:00,State
KS,BUTLER COMM COLLEGE DPS HI_ED,1005-00-856-6885,"RIFLE,5.56 MILLIMETER",1,Each,120,D,1,2010-03-11 00:00:00,State
KS,CALDWELL POLICE DEPARTMENT,1005-00-856-6885,"RIFLE,5.56 MILLIMETER",1,Each,120,D,1,2011-08-25 00:00:00,State
KS,CALDWELL POLICE DEPARTMENT,1005-00-856-6885,"RIFLE,5.56 MILLIMETER",1,Each,120,D,1,2011-08-25 00:00:00,State
KS,CARBONDALE POLICE DEPT,1005-00-073-9421,"RIFLE,5.56 MILLIMETER",1,Each,499,D,1,2003-06-10 00:00:00,State
KS,CARBONDALE POLICE DEPT,1005-00-073-9421,"RIFLE,5.56 MILLIMETER",1,Each,499,D,1,2003-06-10 00:00:00,State
KS,CARBONDALE POLICE DEPT,1005-00-073-9421,"RIFLE,5.56 MILLIMETER",1,Each,499,D,1,2003-06-10 00:00:00,State
KS,CHANUTE POLICE DEPT,1005-00-589-1271,"RIFLE,7.62 MILLIMETER",1,Each,138,D,1,1995-04-13 00:00:00,State
KS,CHANUTE POLICE DEPT,1005-00-589-1271,"RIFLE,7.62 MILLIMETER",1,Each,138,D,1,1995-04-13 00:00:00,State
KS,CHEROKEE COUNTY SHERIFF OFFICE,1005-00-856-6885,"RIFLE,5.56 MILLIMETER",1,Each,120,D,1,2011-09-14 00:00:00,State
KS,CHEROKEE COUNTY SHERIFF OFFICE,1005-00-589-1271,"RIFLE,7.62 MILLIMETER",1,Each,138,D,1,2010-09-03 00:00:00,State
KS,CHEROKEE COUNTY SHERIFF OFFICE,1005-00-856-6885,"RIFLE,5.56 MILLIMETER",1,Each,120,D,1,2011-09-14 00:00:00,State
KS,CHEROKEE COUNTY SHERIFF OFFICE,1005-00-856-6885,"RIFLE,5.56 MILLIMETER",1,Each,120,D,1,2011-09-14 00:00:00,State
KS,CHEROKEE COUNTY SHERIFF OFFICE,1005-00-856-6885,"RIFLE,5.56 MILLIMETER",1,Each,120,D,1,2011-09-14 00:00:00,State
KS,CHEROKEE COUNTY SHERIFF OFFICE,1005-00-726-5655,"PISTOL,CALIBER .45,AUTOMATIC",1,Each,58.71,D,1,2010-09-03 00:00:00,State
KS,CHEROKEE COUNTY SHERIFF OFFICE,1005-00-856-6885,"RIFLE,5.56 MILLIMETER",1,Each,120,D,1,2011-09-14 00:00:00,State
KS,CHEROKEE COUNTY SHERIFF OFFICE,1005-00-589-1271,"RIFLE,7.62 MILLIMETER",1,Each,138,D,1,2010-09-03 00:00:00,State
KS,CHEROKEE COUNTY SHERIFF OFFICE,1005-00-856-6885,"RIFLE,5.56 MILLIMETER",1,Each,120,D,1,2011-09-14 00:00:00,State
KS,CHEROKEE COUNTY SHERIFF OFFICE,1005-00-856-6885,"RIFLE,5.56 MILLIMETER",1,Each,120,D,1,2011-09-14 00:00:00,State
KS,CHEROKEE COUNTY SHERIFF OFFICE,1005-00-589-1271,"RIFLE,7.62 MILLIMETER",1,Each,138,D,1,2010-09-03 00:00:00,State
KS,CHEROKEE COUNTY SHERIFF OFFICE,1005-00-589-1271,"RIFLE,7.62 MILLIMETER",1,Each,138,D,1,2008-09-03 00:00:00,State
KS,CHEROKEE COUNTY SHERIFF OFFICE,1005-00-856-6885,"RIFLE,5.56 MILLIMETER",1,Each,120,D,1,2011-09-14 00:00:00,State
KS,CHEROKEE COUNTY SHERIFF OFFICE,1005-00-856-6885,"RIFLE,5.56 MILLIMETER",1,Each,120,D,1,2011-09-14 00:00:00,State
KS,CHEROKEE COUNTY SHERIFF OFFICE,1005-00-589-1271,"RIFLE,7.62 MILLIMETER",1,Each,138,D,1,2010-09-03 00:00:00,State
KS,CHEROKEE COUNTY SHERIFF OFFICE,1005-00-726-5655,"PISTOL,CALIBER .45,AUTOMATIC",1,Each,58.71,D,1,2010-09-03 00:00:00,State
KS,CHEROKEE COUNTY SHERIFF OFFICE,1005-00-856-6885,"RIFLE,5.56 MILLIMETER",1,Each,120,D,1,2011-09-14 00:00:00,State
KS,CHEROKEE COUNTY SHERIFF OFFICE,1005-00-589-1271,"RIFLE,7.62 MILLIMETER",1,Each,138,D,1,2008-09-03 00:00:00,State
KS,CHEROKEE COUNTY SHERIFF OFFICE,1005-00-856-6885,"RIFLE,5.56 MILLIMETER",1,Each,120,D,1,2011-09-14 00:00:00,State
KS,CHEROKEE COUNTY SHERIFF OFFICE,1005-00-589-1271,"RIFLE,7.62 MILLIMETER",1,Each,138,D,1,2008-08-27 00:00:00,State
KS,CHEROKEE COUNTY SHERIFF OFFICE,1005-00-726-5655,"PISTOL,CALIBER .45,AUTOMATIC",1,Each,58.71,D,1,2010-09-03 00:00:00,State
KS,CHEROKEE COUNTY SHERIFF OFFICE,1005-00-856-6885,"RIFLE,5.56 MILLIMETER",1,Each,120,D,1,2011-09-14 00:00:00,State
KS,CHEROKEE COUNTY SHERIFF OFFICE,1005-00-726-5655,"PISTOL,CALIBER .45,AUTOMATIC",1,Each,58.71,D,1,2010-09-03 00:00:00,State
KS,CHERRYVALE POLICE DEPT,1005-00-073-9421,"RIFLE,5.56 MILLIMETER",1,Each,499,D,1,1997-05-01 00:00:00,State
KS,CHERRYVALE POLICE DEPT,1005-00-073-9421,"RIFLE,5.56 MILLIMETER",1,Each,499,D,1,1997-05-01 00:00:00,State
KS,CHERRYVALE POLICE DEPT,1005-00-073-9421,"RIFLE,5.56 MILLIMETER",1,Each,499,D,1,1997-05-01 00:00:00,State
KS,CHERRYVALE POLICE DEPT,1005-00-073-9421,"RIFLE,5.56 MILLIMETER",1,Each,499,D,1,1997-05-01 00:00:00,State
KS,CHERRYVALE POLICE DEPT,1005-00-073-9421,"RIFLE,5.56 MILLIMETER",1,Each,499,D,1,1997-05-01 00:00:00,State
KS,CHERRYVALE POLICE DEPT,1005-00-073-9421,"RIFLE,5.56 MILLIMETER",1,Each,499,D,1,1997-05-01 00:00:00,State
KS,CHERRYVALE POLICE DEPT,1005-00-073-9421,"RIFLE,5.56 MILLIMETER",1,Each,499,D,1,1997-05-01 00:00:00,State
KS,CHETOPA POLICE DEPARTMENT,1005-00-856-6885,"RIFLE,5.56 MILLIMETER",1,Each,120,D,1,2010-08-17 00:00:00,State
KS,CHETOPA POLICE DEPARTMENT,1005-00-856-6885,"RIFLE,5.56 MILLIMETER",1,Each,120,D,1,2010-08-17 00:00:00,State
KS,CHETOPA POLICE DEPARTMENT,1005-00-856-6885,"RIFLE,5.56 MILLIMETER",1,Each,120,D,1,2010-08-17 00:00:00,State
KS,CHETOPA POLICE DEPARTMENT,1005-00-856-6885,"RIFLE,5.56 MILLIMETER",1,Each,120,D,1,2010-08-17 00:00:00,State
KS,CHEYENNE COUNTY SHERIFF DEPT,1005-00-856-6885,"RIFLE,5.56 MILLIMETER",1,Each,120,D,1,2010-07-15 00:00:00,State
KS,CHEYENNE COUNTY SHERIFF DEPT,1005-00-726-5655,"PISTOL,CALIBER .45,AUTOMATIC",1,Each,58.71,D,1,2010-09-02 00:00:00,State
KS,CHEYENNE COUNTY SHERIFF DEPT,1005-00-726-5655,"PISTOL,CALIBER .45,AUTOMATIC",1,Each,58.71,D,1,2010-09-02 00:00:00,State
KS,CHEYENNE COUNTY SHERIFF DEPT,1005-00-589-1271,"RIFLE,7.62 MILLIMETER",1,Each,138,D,1,2007-10-10 00:00:00,State
KS,CHEYENNE COUNTY SHERIFF DEPT,1005-00-856-6885,"RIFLE,5.56 MILLIMETER",1,Each,120,D,1,2011-04-06 00:00:00,State
KS,CHEYENNE COUNTY SHERIFF DEPT,1005-00-073-9421,"RIFLE,5.56 MILLIMETER",1,Each,499,D,1,2007-10-10 00:00:00,State
KS,CHEYENNE COUNTY SHERIFF DEPT,1005-00-726-5655,"PISTOL,CALIBER .45,AUTOMATIC",1,Each,58.71,D,1,2010-09-02 00:00:00,State
KS,CHEYENNE COUNTY SHERIFF DEPT,1005-00-726-5655,"PISTOL,CALIBER .45,AUTOMATIC",1,Each,58.71,D,1,2010-09-02 00:00:00,State
KS,CHEYENNE COUNTY SHERIFF DEPT,1005-00-856-6885,"RIFLE,5.56 MILLIMETER",1,Each,120,D,1,2011-04-06 00:00:00,State
KS,CHEYENNE COUNTY SHERIFF DEPT,1005-00-589-1271,"RIFLE,7.62 MILLIMETER",1,Each,138,D,1,2010-07-12 00:00:00,State
KS,CHEYENNE COUNTY SHERIFF DEPT,1005-00-589-1271,"RIFLE,7.62 MILLIMETER",1,Each,138,D,1,1995-04-13 00:00:00,State
KS,CHEYENNE COUNTY SHERIFF DEPT,1005-00-589-1271,"RIFLE,7.62 MILLIMETER",1,Each,138,D,1,1994-11-07 00:00:00,State
KS,CHEYENNE COUNTY SHERIFF DEPT,1005-00-726-5655,"PISTOL,CALIBER .45,AUTOMATIC",1,Each,58.71,D,1,2010-09-02 00:00:00,State
KS,CHEYENNE COUNTY SHERIFF DEPT,1005-00-856-6885,"RIFLE,5.56 MILLIMETER",1,Each,120,D,1,2011-04-06 00:00:00,State
KS,CHEYENNE COUNTY SHERIFF DEPT,1005-00-856-6885,"RIFLE,5.56 MILLIMETER",1,Each,120,D,1,2011-04-06 00:00:00,State
KS,CHEYENNE COUNTY SHERIFF DEPT,1005-00-856-6885,"RIFLE,5.56 MILLIMETER",1,Each,120,D,1,2011-04-06 00:00:00,State
KS,CLAY CENTER POLICE DEPT,1005-00-179-0300,"RIFLE,7.62 MILLIMETER",1,Each,1278,D,1,1995-10-10 00:00:00,State
KS,CLAY COUNTY SHERIFF DEPT,1005-00-856-6885,"RIFLE,5.56 MILLIMETER",1,Each,120,D,1,2011-04-19 00:00:00,State
KS,CLAY COUNTY SHERIFF DEPT,1005-00-856-6885,"RIFLE,5.56 MILLIMETER",1,Each,120,D,1,2011-04-19 00:00:00,State
KS,CLAY COUNTY SHERIFF DEPT,1005-00-856-6885,"RIFLE,5.56 MILLIMETER",1,Each,120,D,1,2011-04-19 00:00:00,State
KS,CLAY COUNTY SHERIFF DEPT,1005-00-073-9421,"RIFLE,5.56 MILLIMETER",1,Each,499,D,1,2005-10-25 00:00:00,State
KS,CLAY COUNTY SHERIFF DEPT,1005-00-856-6885,"RIFLE,5.56 MILLIMETER",1,Each,120,D,1,2011-04-19 00:00:00,State
KS,CLAY COUNTY SHERIFF DEPT,1005-00-856-6885,"RIFLE,5.56 MILLIMETER",1,Each,120,D,1,2011-04-19 00:00:00,State
KS,CLAY COUNTY SHERIFF DEPT,1005-00-073-9421,"RIFLE,5.56 MILLIMETER",1,Each,499,D,1,2005-10-25 00:00:00,State
KS,COFFEY COUNTY SHERIFF DEPT,1005-00-726-5655,"PISTOL,CALIBER .45,AUTOMATIC",1,Each,58.71,D,1,2010-06-14 00:00:00,State
KS,COFFEY COUNTY SHERIFF DEPT,1005-00-726-5655,"PISTOL,CALIBER .45,AUTOMATIC",1,Each,58.71,D,1,2010-06-14 00:00:00,State
KS,COFFEY COUNTY SHERIFF DEPT,1005-00-726-5655,"PISTOL,CALIBER .45,AUTOMATIC",1,Each,58.71,D,1,2010-06-14 00:00:00,State
KS,COFFEY COUNTY SHERIFF DEPT,1005-00-726-5655,"PISTOL,CALIBER .45,AUTOMATIC",1,Each,58.71,D,1,2010-06-14 00:00:00,State
KS,COFFEY COUNTY SHERIFF DEPT,1005-00-726-5655,"PISTOL,CALIBER .45,AUTOMATIC",1,Each,58.71,D,1,2010-06-14 00:00:00,State
KS,COFFEY COUNTY SHERIFF DEPT,1005-00-726-5655,"PISTOL,CALIBER .45,AUTOMATIC",1,Each,58.71,D,1,2010-06-14 00:00:00,State
KS,COFFEY COUNTY SHERIFF DEPT,1005-00-726-5655,"PISTOL,CALIBER .45,AUTOMATIC",1,Each,58.71,D,1,2010-06-14 00:00:00,State
KS,COFFEY COUNTY SHERIFF DEPT,1005-00-726-5655,"PISTOL,CALIBER .45,AUTOMATIC",1,Each,58.71,D,1,2010-06-14 00:00:00,State
KS,COFFEY COUNTY SHERIFF DEPT,1005-00-726-5655,"PISTOL,CALIBER .45,AUTOMATIC",1,Each,58.71,D,1,2010-06-14 00:00:00,State
KS,COFFEY COUNTY SHERIFF DEPT,1385-01-574-4707,"UNMANNED VEHICLE,GROUND",1,Each,10000,Q,3,2014-04-17 00:00:00,State
KS,COFFEY COUNTY SHERIFF DEPT,1005-00-726-5655,"PISTOL,CALIBER .45,AUTOMATIC",1,Each,58.71,D,1,2010-06-14 00:00:00,State
KS,COFFEY COUNTY SHERIFF DEPT,1005-00-726-5655,"PISTOL,CALIBER .45,AUTOMATIC",1,Each,58.71,D,1,2010-06-14 00:00:00,State
KS,COFFEY COUNTY SHERIFF DEPT,2355-01-553-4634,MINE RESISTANT VEHICLE,1,Each,658000,C,1,2013-09-05 00:00:00,State
KS,COFFEY COUNTY SHERIFF DEPT,1005-00-726-5655,"PISTOL,CALIBER .45,AUTOMATIC",1,Each,58.71,D,1,2010-06-14 00:00:00,State
KS,COFFEY COUNTY SHERIFF DEPT,1005-00-726-5655,"PISTOL,CALIBER .45,AUTOMATIC",1,Each,58.71,D,1,2010-06-14 00:00:00,State
KS,COFFEYVILLE POLICE DEPT,2510-01-570-1482,"COVER,TURRET BASE",1,Each,570.61,Q,3,2015-02-03 00:00:00,State
KS,COFFEYVILLE POLICE DEPT,5855-01-505-2210,"VIEWER,NIGHT VISION",1,Each,18990,C,1,2014-10-31 00:00:00,State
KS,COFFEYVILLE POLICE DEPT,2510-01-555-4699,"WINDOW,VEHICULAR",12,Each,2086.34,D,1,2015-04-01 00:00:00,State
KS,COFFEYVILLE POLICE DEPT,2510-01-555-4693,"WINDOW,VEHICULAR",14,Each,930.31,D,1,2015-02-24 00:00:00,State
KS,COFFEYVILLE POLICE DEPT,1385-DS-ROB-TEOD,EOD ROBOT,1,Each,2000,D,,2015-07-14 00:00:00,State
KS,COFFEYVILLE POLICE DEPT,2541-01-555-4691,"ARMOR,TRANSPARENT,VEHICULAR WINDOW",1,Each,3987.75,D,1,2015-07-23 00:00:00,State
KS,COFFEYVILLE POLICE DEPT,2510-01-555-4692,"WINDOW,VEHICULAR",1,Each,1466.83,D,1,2015-07-23 00:00:00,State
KS,COFFEYVILLE POLICE DEPT,1385-DS-ROB-TEOD,EOD ROBOT,1,Each,2000,D,,2015-07-14 00:00:00,State
KS,COFFEYVILLE POLICE DEPT,1385-DS-ROB-TEOD,EOD ROBOT,1,Each,2000,D,,2015-07-14 00:00:00,State
KS,COFFEYVILLE POLICE DEPT,2510-01-555-4694,"WINDOW,VEHICULAR",2,Each,1000.3,D,1,2016-03-08 00:00:00,State
KS,COFFEYVILLE POLICE DEPT,2355-01-555-0908,MINE RESISTANT VEHICLE,1,Each,412000,C,1,2013-10-02 00:00:00,State
KS,COFFEYVILLE POLICE DEPT,2541-01-580-1324,"ASSEMBLY,COVER     ",1,Each,1437.54,Q,3,2014-01-15 00:00:00,State
KS,COFFEYVILLE POLICE DEPT,2510-01-555-4693,"WINDOW,VEHICULAR",1,Each,930.31,D,1,2015-02-24 00:00:00,State
KS,COFFEYVILLE POLICE DEPT,2541-01-555-4697,"ARMOR,TRANSPARENT,VEHICULAR WINDOW",5,Each,2250.2,D,1,2016-07-28 00:00:00,State
KS,COFFEYVILLE POLICE DEPT,1385-01-574-4707,"UNMANNED VEHICLE,GROUND",1,Each,10000,Q,3,2016-05-19 00:00:00,State
KS,COFFEYVILLE POLICE DEPT,1385-01-574-4707,"UNMANNED VEHICLE,GROUND",1,Each,10000,Q,3,2016-05-19 00:00:00,State
KS,COMANCHE COUNTY SHERIFFS OFFICE,2320-01-128-9551,"TRUCK,UTILITY",1,Each,50458,C,1,2013-12-30 00:00:00,State
KS,COWLEY COUNTY SHERIFF DEPT,1005-00-073-9421,"RIFLE,5.56 MILLIMETER",1,Each,499,D,1,2002-09-03 00:00:00,State
KS,COWLEY COUNTY SHERIFF DEPT,1005-00-589-1271,"RIFLE,7.62 MILLIMETER",1,Each,138,D,1,2008-09-03 00:00:00,State
KS,COWLEY COUNTY SHERIFF DEPT,1005-00-073-9421,"RIFLE,5.56 MILLIMETER",1,Each,499,D,1,2002-09-03 00:00:00,State
KS,COWLEY COUNTY SHERIFF DEPT,1005-00-073-9421,"RIFLE,5.56 MILLIMETER",1,Each,499,D,1,2002-09-03 00:00:00,State
KS,COWLEY COUNTY SHERIFF DEPT,1005-00-073-9421,"RIFLE,5.56 MILLIMETER",1,Each,499,D,1,2002-09-03 00:00:00,State
KS,COWLEY COUNTY SHERIFF DEPT,1005-00-073-9421,"RIFLE,5.56 MILLIMETER",1,Each,499,D,1,2002-09-03 00:00:00,State
KS,COWLEY COUNTY SHERIFF DEPT,1005-00-073-9421,"RIFLE,5.56 MILLIMETER",1,Each,499,D,1,2002-09-03 00:00:00,State
KS,COWLEY COUNTY SHERIFF DEPT,1005-00-073-9421,"RIFLE,5.56 MILLIMETER",1,Each,499,D,1,2002-09-03 00:00:00,State
KS,COWLEY COUNTY SHERIFF DEPT,1005-00-073-9421,"RIFLE,5.56 MILLIMETER",1,Each,499,D,1,2002-09-03 00:00:00,State
KS,COWLEY COUNTY SHERIFF DEPT,1005-00-589-1271,"RIFLE,7.62 MILLIMETER",1,Each,138,D,1,2008-09-03 00:00:00,State
KS,COWLEY COUNTY SHERIFF DEPT,1005-00-589-1271,"RIFLE,7.62 MILLIMETER",1,Each,138,D,1,2008-09-03 00:00:00,State
KS,DECATUR COUNTY SHERIFF DEPT,1005-00-589-1271,"RIFLE,7.62 MILLIMETER",1,Each,138,D,1,1995-04-13 00:00:00,State
KS,DECATUR COUNTY SHERIFF DEPT,1005-00-589-1271,"RIFLE,7.62 MILLIMETER",1,Each,138,D,1,1995-04-13 00:00:00,State
KS,DECATUR COUNTY SHERIFF DEPT,1005-00-856-6885,"RIFLE,5.56 MILLIMETER",1,Each,120,D,1,2010-03-23 00:00:00,State
KS,DECATUR COUNTY SHERIFF DEPT,1005-00-589-1271,"RIFLE,7.62 MILLIMETER",1,Each,138,D,1,2010-03-18 00:00:00,State
KS,DODGE CITY POLICE DEPT,2320-01-074-7642,"TRUCK,ARMORED",1,Each,65070,C,1,2010-06-24 00:00:00,State
KS,EL DORADO POLICE DEPARTMENT,1005-00-856-6885,"RIFLE,5.56 MILLIMETER",1,Each,120,D,1,2010-04-27 00:00:00,State
KS,EL DORADO POLICE DEPARTMENT,1005-00-856-6885,"RIFLE,5.56 MILLIMETER",1,Each,120,D,1,2010-04-27 00:00:00,State
KS,EL DORADO POLICE DEPARTMENT,1005-00-856-6885,"RIFLE,5.56 MILLIMETER",1,Each,120,D,1,2010-04-27 00:00:00,State
KS,EL DORADO POLICE DEPARTMENT,1005-00-856-6885,"RIFLE,5.56 MILLIMETER",1,Each,120,D,1,2010-04-27 00:00:00,State
KS,EL DORADO POLICE DEPARTMENT,1005-00-856-6885,"RIFLE,5.56 MILLIMETER",1,Each,120,D,1,2010-04-27 00:00:00,State
KS,ELLSWORTH CORRECTIONAL FACILITY,1005-00-856-6885,"RIFLE,5.56 MILLIMETER",1,Each,120,D,1,2010-02-11 00:00:00,State
KS,ELLSWORTH CORRECTIONAL FACILITY,1005-00-856-6885,"RIFLE,5.56 MILLIMETER",1,Each,120,D,1,2010-02-11 00:00:00,State
KS,ELLSWORTH CORRECTIONAL FACILITY,1005-00-856-6885,"RIFLE,5.56 MILLIMETER",1,Each,120,D,1,2010-02-11 00:00:00,State
KS,ELLSWORTH CORRECTIONAL FACILITY,1005-00-856-6885,"RIFLE,5.56 MILLIMETER",1,Each,120,D,1,2010-02-11 00:00:00,State
KS,ELLSWORTH CORRECTIONAL FACILITY,1005-00-856-6885,"RIFLE,5.56 MILLIMETER",1,Each,120,D,1,2010-02-10 00:00:00,State
KS,ELLSWORTH CORRECTIONAL FACILITY,1005-00-856-6885,"RIFLE,5.56 MILLIMETER",1,Each,120,D,1,2010-02-10 00:00:00,State
KS,ELLSWORTH CORRECTIONAL FACILITY,1005-00-856-6885,"RIFLE,5.56 MILLIMETER",1,Each,120,D,1,2010-02-10 00:00:00,State
KS,ELLSWORTH CORRECTIONAL FACILITY,1005-00-856-6885,"RIFLE,5.56 MILLIMETER",1,Each,120,D,1,2010-02-10 00:00:00,State
KS,ELLSWORTH CORRECTIONAL FACILITY,1005-00-856-6885,"RIFLE,5.56 MILLIMETER",1,Each,120,D,1,2010-02-11 00:00:00,State
KS,ELLSWORTH CORRECTIONAL FACILITY,1005-00-856-6885,"RIFLE,5.56 MILLIMETER",1,Each,120,D,1,2010-02-11 00:00:00,State
KS,ELLSWORTH CORRECTIONAL FACILITY,1005-00-856-6885,"RIFLE,5.56 MILLIMETER",1,Each,120,D,1,2010-02-10 00:00:00,State
KS,ELLSWORTH CORRECTIONAL FACILITY,1005-00-856-6885,"RIFLE,5.56 MILLIMETER",1,Each,120,D,1,2010-02-10 00:00:00,State
KS,ELLSWORTH CORRECTIONAL FACILITY,1005-00-856-6885,"RIFLE,5.56 MILLIMETER",1,Each,120,D,1,2010-02-11 00:00:00,State
KS,ELLSWORTH CORRECTIONAL FACILITY,1005-00-856-6885,"RIFLE,5.56 MILLIMETER",1,Each,120,D,1,2010-02-10 00:00:00,State
KS,ELLSWORTH CORRECTIONAL FACILITY,1005-00-856-6885,"RIFLE,5.56 MILLIMETER",1,Each,120,D,1,2010-02-10 00:00:00,State
KS,ELLSWORTH CORRECTIONAL FACILITY,1005-00-856-6885,"RIFLE,5.56 MILLIMETER",1,Each,120,D,1,2010-02-11 00:00:00,State
KS,EMPORIA POLICE DEPT,1005-00-856-6885,"RIFLE,5.56 MILLIMETER",1,Each,120,D,1,2010-08-25 00:00:00,State
KS,EMPORIA POLICE DEPT,1005-00-856-6885,"RIFLE,5.56 MILLIMETER",1,Each,120,D,1,2010-08-25 00:00:00,State
KS,EMPORIA POLICE DEPT,1005-00-856-6885,"RIFLE,5.56 MILLIMETER",1,Each,120,D,1,2010-08-25 00:00:00,State
KS,EMPORIA POLICE DEPT,1005-00-856-6885,"RIFLE,5.56 MILLIMETER",1,Each,120,D,1,2010-08-25 00:00:00,State
KS,EMPORIA POLICE DEPT,1005-00-856-6885,"RIFLE,5.56 MILLIMETER",1,Each,120,D,1,2010-08-25 00:00:00,State
KS,EMPORIA POLICE DEPT,1005-00-856-6885,"RIFLE,5.56 MILLIMETER",1,Each,120,D,1,2010-08-25 00:00:00,State
KS,EMPORIA POLICE DEPT,1005-00-856-6885,"RIFLE,5.56 MILLIMETER",1,Each,120,D,1,2010-08-25 00:00:00,State
KS,EMPORIA POLICE DEPT,1005-00-856-6885,"RIFLE,5.56 MILLIMETER",1,Each,120,D,1,2010-08-25 00:00:00,State
KS,EMPORIA POLICE DEPT,1005-00-589-1271,"RIFLE,7.62 MILLIMETER",1,Each,138,D,1,2010-08-19 00:00:00,State
KS,EMPORIA POLICE DEPT,1005-00-589-1271,"RIFLE,7.62 MILLIMETER",1,Each,138,D,1,2010-08-19 00:00:00,State
KS,FINNEY COUNTY SHERIFF DEPT,1005-00-589-1271,"RIFLE,7.62 MILLIMETER",1,Each,138,D,1,2000-11-30 00:00:00,State
KS,FINNEY COUNTY SHERIFF DEPT,1005-00-589-1271,"RIFLE,7.62 MILLIMETER",1,Each,138,D,1,2000-05-18 00:00:00,State
KS,FINNEY COUNTY SHERIFF DEPT,1005-00-589-1271,"RIFLE,7.62 MILLIMETER",1,Each,138,D,1,2000-11-30 00:00:00,State
KS,FINNEY COUNTY SHERIFF DEPT,1005-00-589-1271,"RIFLE,7.62 MILLIMETER",1,Each,138,D,1,2000-11-28 00:00:00,State
KS,FINNEY COUNTY SHERIFF DEPT,1005-00-589-1271,"RIFLE,7.62 MILLIMETER",1,Each,138,D,1,2000-11-30 00:00:00,State
KS,FINNEY COUNTY SHERIFF DEPT,1005-00-589-1271,"RIFLE,7.62 MILLIMETER",1,Each,138,D,1,2000-05-18 00:00:00,State
KS,FINNEY COUNTY SHERIFF DEPT,1005-00-589-1271,"RIFLE,7.62 MILLIMETER",1,Each,138,D,1,2000-11-30 00:00:00,State
KS,FINNEY COUNTY SHERIFF DEPT,1005-00-589-1271,"RIFLE,7.62 MILLIMETER",1,Each,138,D,1,2000-11-30 00:00:00,State
KS,FINNEY COUNTY SHERIFF DEPT,1005-00-589-1271,"RIFLE,7.62 MILLIMETER",1,Each,138,D,1,2000-11-28 00:00:00,State
KS,FINNEY COUNTY SHERIFF DEPT,1005-00-589-1271,"RIFLE,7.62 MILLIMETER",1,Each,138,D,1,2000-05-18 00:00:00,State
KS,FINNEY COUNTY SHERIFF DEPT,1005-00-589-1271,"RIFLE,7.62 MILLIMETER",1,Each,138,D,1,2000-05-18 00:00:00,State
KS,FINNEY COUNTY SHERIFF DEPT,1005-00-589-1271,"RIFLE,7.62 MILLIMETER",1,Each,138,D,1,2000-05-18 00:00:00,State
KS,FINNEY COUNTY SHERIFF DEPT,1005-00-589-1271,"RIFLE,7.62 MILLIMETER",1,Each,138,D,1,2000-11-30 00:00:00,State
KS,FINNEY COUNTY SHERIFF DEPT,1005-00-589-1271,"RIFLE,7.62 MILLIMETER",1,Each,138,D,1,2000-05-18 00:00:00,State
KS,FINNEY COUNTY SHERIFF DEPT,1005-00-589-1271,"RIFLE,7.62 MILLIMETER",1,Each,138,D,1,2000-05-18 00:00:00,State
KS,FINNEY COUNTY SHERIFF DEPT,1005-00-589-1271,"RIFLE,7.62 MILLIMETER",1,Each,138,D,1,2000-11-28 00:00:00,State
KS,FORT HAYS STATE UNIV POLICE HI_ED,1005-00-073-9421,"RIFLE,5.56 MILLIMETER",1,Each,499,D,1,1999-06-10 00:00:00,State
KS,FORT HAYS STATE UNIV POLICE HI_ED,1005-00-856-6885,"RIFLE,5.56 MILLIMETER",1,Each,120,D,1,2011-09-14 00:00:00,State
KS,FORT HAYS STATE UNIV POLICE HI_ED,1005-00-856-6885,"RIFLE,5.56 MILLIMETER",1,Each,120,D,1,2010-08-18 00:00:00,State
KS,FORT HAYS STATE UNIV POLICE HI_ED,1005-00-073-9421,"RIFLE,5.56 MILLIMETER",1,Each,499,D,1,1999-06-10 00:00:00,State
KS,FORT HAYS STATE UNIV POLICE HI_ED,1005-00-856-6885,"RIFLE,5.56 MILLIMETER",1,Each,120,D,1,2011-09-14 00:00:00,State
KS,FORT HAYS STATE UNIV POLICE HI_ED,1005-00-856-6885,"RIFLE,5.56 MILLIMETER",1,Each,120,D,1,2011-09-14 00:00:00,State
KS,FORT HAYS STATE UNIV POLICE HI_ED,1005-00-856-6885,"RIFLE,5.56 MILLIMETER",1,Each,120,D,1,2010-08-18 00:00:00,State
KS,FORT HAYS STATE UNIV POLICE HI_ED,1005-00-179-0300,"RIFLE,7.62 MILLIMETER",1,Each,1278,D,1,1995-10-10 00:00:00,State
KS,FORT HAYS STATE UNIV POLICE HI_ED,1005-00-589-1271,"RIFLE,7.62 MILLIMETER",1,Each,138,D,1,2010-08-17 00:00:00,State
KS,FORT HAYS STATE UNIV POLICE HI_ED,1005-00-073-9421,"RIFLE,5.56 MILLIMETER",1,Each,499,D,1,1999-06-10 00:00:00,State
KS,FORT HAYS STATE UNIV POLICE HI_ED,1005-00-179-0300,"RIFLE,7.62 MILLIMETER",1,Each,1278,D,1,1995-10-10 00:00:00,State
KS,FORT HAYS STATE UNIV POLICE HI_ED,1005-00-073-9421,"RIFLE,5.56 MILLIMETER",1,Each,499,D,1,1999-06-10 00:00:00,State
KS,FORT HAYS STATE UNIV POLICE HI_ED,1005-00-589-1271,"RIFLE,7.62 MILLIMETER",1,Each,138,D,1,2010-08-17 00:00:00,State
KS,FRONTENAC POLICE DEPT,1005-00-856-6885,"RIFLE,5.56 MILLIMETER",1,Each,120,D,1,2011-04-15 00:00:00,State
KS,FRONTENAC POLICE DEPT,1005-00-856-6885,"RIFLE,5.56 MILLIMETER",1,Each,120,D,1,2011-04-15 00:00:00,State
KS,FRONTENAC POLICE DEPT,1005-00-073-9421,"RIFLE,5.56 MILLIMETER",1,Each,499,D,1,2002-10-07 00:00:00,State
KS,FRONTENAC POLICE DEPT,1005-00-073-9421,"RIFLE,5.56 MILLIMETER",1,Each,499,D,1,2002-10-07 00:00:00,State
KS,FRONTENAC POLICE DEPT,1005-00-856-6885,"RIFLE,5.56 MILLIMETER",1,Each,120,D,1,2011-04-15 00:00:00,State
KS,FRONTENAC POLICE DEPT,1005-00-856-6885,"RIFLE,5.56 MILLIMETER",1,Each,120,D,1,2011-04-15 00:00:00,State
KS,FRONTENAC POLICE DEPT,1005-00-856-6885,"RIFLE,5.56 MILLIMETER",1,Each,120,D,1,2011-04-15 00:00:00,State
KS,GARDEN CITY POLICE DEPARTMENT,2320-01-107-7153,"TRUCK,UTILITY",1,Each,63894,C,1,2012-01-24 00:00:00,State
KS,GARDEN CITY POLICE DEPARTMENT,1240-01-411-1265,"SIGHT,REFLEX",12,Each,321,D,1,2015-07-21 00:00:00,State
KS,GARDEN CITY POLICE DEPARTMENT,1240-01-411-1265,"SIGHT,REFLEX",35,Each,321,D,1,2015-10-29 00:00:00,State
KS,GARDEN PLAIN POLICE DEPT,1005-00-856-6885,"RIFLE,5.56 MILLIMETER",1,Each,120,D,1,2011-01-13 00:00:00,State
KS,GARDEN PLAIN POLICE DEPT,1005-00-589-1271,"RIFLE,7.62 MILLIMETER",1,Each,138,D,1,1995-04-13 00:00:00,State
KS,GARDEN PLAIN POLICE DEPT,1005-00-856-6885,"RIFLE,5.56 MILLIMETER",1,Each,120,D,1,2011-04-14 00:00:00,State
KS,GOODLAND POLICE DEPT,5855-01-461-8169,"VIEWER KIT,NIGHT VISION",1,Kit,5477.82,D,1,2001-10-02 00:00:00,State
KS,GOODLAND POLICE DEPT,1005-00-073-9421,"RIFLE,5.56 MILLIMETER",1,Each,499,D,1,2012-11-15 00:00:00,State
KS,GOODLAND POLICE DEPT,1005-00-073-9421,"RIFLE,5.56 MILLIMETER",1,Each,499,D,1,2012-11-15 00:00:00,State
KS,GOODLAND POLICE DEPT,1005-00-589-1271,"RIFLE,7.62 MILLIMETER",1,Each,138,D,1,2012-11-14 00:00:00,State
KS,GOODLAND POLICE DEPT,1005-00-073-9421,"RIFLE,5.56 MILLIMETER",1,Each,499,D,1,2012-11-15 00:00:00,State
KS,GOODLAND POLICE DEPT,1005-00-073-9421,"RIFLE,5.56 MILLIMETER",1,Each,499,D,1,2012-11-15 00:00:00,State
KS,GOODLAND POLICE DEPT,1005-00-073-9421,"RIFLE,5.56 MILLIMETER",1,Each,499,D,1,2012-11-15 00:00:00,State
KS,GREAT BEND POLICE DEPARTMENT,1005-00-856-6885,"RIFLE,5.56 MILLIMETER",1,Each,120,D,1,2009-11-10 00:00:00,State
KS,GREAT BEND POLICE DEPARTMENT,1005-00-073-9421,"RIFLE,5.56 MILLIMETER",1,Each,499,D,1,1996-12-04 00:00:00,State
KS,GREAT BEND POLICE DEPARTMENT,1005-00-073-9421,"RIFLE,5.56 MILLIMETER",1,Each,499,D,1,1998-09-02 00:00:00,State
KS,GREAT BEND POLICE DEPARTMENT,1005-00-073-9421,"RIFLE,5.56 MILLIMETER",1,Each,499,D,1,1998-09-02 00:00:00,State
KS,GREAT BEND POLICE DEPARTMENT,1005-00-073-9421,"RIFLE,5.56 MILLIMETER",1,Each,499,D,1,2012-03-01 00:00:00,State
KS,GREAT BEND POLICE DEPARTMENT,1005-00-073-9421,"RIFLE,5.56 MILLIMETER",1,Each,499,D,1,2012-01-18 00:00:00,State
KS,GREAT BEND POLICE DEPARTMENT,1005-00-073-9421,"RIFLE,5.56 MILLIMETER",1,Each,499,D,1,2012-01-18 00:00:00,State
KS,GREAT BEND POLICE DEPARTMENT,1005-00-073-9421,"RIFLE,5.56 MILLIMETER",1,Each,499,D,1,2012-01-18 00:00:00,State
KS,GREAT BEND POLICE DEPARTMENT,1005-00-073-9421,"RIFLE,5.56 MILLIMETER",1,Each,499,D,1,1998-09-02 00:00:00,State
KS,GREAT BEND POLICE DEPARTMENT,1005-00-073-9421,"RIFLE,5.56 MILLIMETER",1,Each,499,D,1,2012-01-18 00:00:00,State
KS,GREAT BEND POLICE DEPARTMENT,1005-00-073-9421,"RIFLE,5.56 MILLIMETER",1,Each,499,D,1,1998-09-02 00:00:00,State
KS,GREAT BEND POLICE DEPARTMENT,1005-00-073-9421,"RIFLE,5.56 MILLIMETER",1,Each,499,D,1,1998-09-02 00:00:00,State
KS,GREAT BEND POLICE DEPARTMENT,1005-00-073-9421,"RIFLE,5.56 MILLIMETER",1,Each,499,D,1,1999-06-11 00:00:00,State
KS,GREAT BEND POLICE DEPARTMENT,2320-01-074-7642,"TRUCK,ARMORED",1,Each,65070,C,1,2007-05-17 00:00:00,State
KS,GREAT BEND POLICE DEPARTMENT,1005-00-073-9421,"RIFLE,5.56 MILLIMETER",1,Each,499,D,1,1995-10-17 00:00:00,State
KS,GREAT BEND POLICE DEPARTMENT,1005-00-856-6885,"RIFLE,5.56 MILLIMETER",1,Each,120,D,1,2010-01-11 00:00:00,State
KS,GREAT BEND POLICE DEPARTMENT,1005-00-073-9421,"RIFLE,5.56 MILLIMETER",1,Each,499,D,1,1999-06-10 00:00:00,State
KS,GREAT BEND POLICE DEPARTMENT,1005-00-856-6885,"RIFLE,5.56 MILLIMETER",1,Each,120,D,1,2010-01-11 00:00:00,State
KS,GREAT BEND POLICE DEPARTMENT,1005-00-856-6885,"RIFLE,5.56 MILLIMETER",1,Each,120,D,1,2010-01-11 00:00:00,State
KS,GREAT BEND POLICE DEPARTMENT,1005-00-856-6885,"RIFLE,5.56 MILLIMETER",1,Each,120,D,1,2009-11-10 00:00:00,State
KS,GREAT BEND POLICE DEPARTMENT,1005-00-856-6885,"RIFLE,5.56 MILLIMETER",1,Each,120,D,1,2010-01-11 00:00:00,State
KS,GREAT BEND POLICE DEPARTMENT,1005-00-856-6885,"RIFLE,5.56 MILLIMETER",1,Each,120,D,1,2010-01-11 00:00:00,State
KS,GREAT BEND POLICE DEPARTMENT,1005-00-856-6885,"RIFLE,5.56 MILLIMETER",1,Each,120,D,1,2009-11-10 00:00:00,State
KS,GREAT BEND POLICE DEPARTMENT,1005-00-589-1271,"RIFLE,7.62 MILLIMETER",1,Each,138,D,1,1995-01-10 00:00:00,State
KS,GREAT BEND POLICE DEPARTMENT,1005-00-073-9421,"RIFLE,5.56 MILLIMETER",1,Each,499,D,1,1995-10-17 00:00:00,State
KS,GREAT BEND POLICE DEPARTMENT,1005-00-856-6885,"RIFLE,5.56 MILLIMETER",1,Each,120,D,1,2009-11-10 00:00:00,State
KS,GREAT BEND POLICE DEPARTMENT,1005-00-589-1271,"RIFLE,7.62 MILLIMETER",1,Each,138,D,1,1995-01-10 00:00:00,State
KS,GREAT BEND POLICE DEPARTMENT,1005-00-073-9421,"RIFLE,5.56 MILLIMETER",1,Each,499,D,1,2012-03-01 00:00:00,State
KS,GREAT BEND POLICE DEPARTMENT,1005-00-073-9421,"RIFLE,5.56 MILLIMETER",1,Each,499,D,1,1999-06-11 00:00:00,State
KS,GREAT BEND POLICE DEPARTMENT,1005-00-073-9421,"RIFLE,5.56 MILLIMETER",1,Each,499,D,1,1996-12-04 00:00:00,State
KS,GREAT BEND POLICE DEPARTMENT,1005-00-073-9421,"RIFLE,5.56 MILLIMETER",1,Each,499,D,1,1999-06-11 00:00:00,State
KS,GREELEY COUNTY SHERIFF DEPT,1005-00-073-9421,"RIFLE,5.56 MILLIMETER",1,Each,499,D,1,2006-02-21 00:00:00,State
KS,GREELEY COUNTY SHERIFF DEPT,1005-00-073-9421,"RIFLE,5.56 MILLIMETER",1,Each,499,D,1,2006-02-21 00:00:00,State
KS,HAMILTON CO SHERIFF DEPT,2320-01-128-9551,"TRUCK,UTILITY",1,Each,50458,C,1,2013-07-08 00:00:00,State
KS,HASKELL COUNTY SHERIFF DEPT,1005-00-589-1271,"RIFLE,7.62 MILLIMETER",1,Each,138,D,1,1995-02-02 00:00:00,State
KS,HASKELL COUNTY SHERIFF DEPT,1005-00-589-1271,"RIFLE,7.62 MILLIMETER",1,Each,138,D,1,1995-02-02 00:00:00,State
KS,HASKELL COUNTY SHERIFF DEPT,1005-00-589-1271,"RIFLE,7.62 MILLIMETER",1,Each,138,D,1,1995-02-02 00:00:00,State
KS,HASKELL COUNTY SHERIFF DEPT,1005-00-589-1271,"RIFLE,7.62 MILLIMETER",1,Each,138,D,1,1995-02-02 00:00:00,State
KS,HASKELL COUNTY SHERIFF DEPT,1005-00-589-1271,"RIFLE,7.62 MILLIMETER",1,Each,138,D,1,1995-02-02 00:00:00,State
KS,HAVEN POLICE DEPT,1005-00-856-6885,"RIFLE,5.56 MILLIMETER",1,Each,120,D,1,2011-01-18 00:00:00,State
KS,HILLSBORO POLICE DEPT,1005-00-073-9421,"RIFLE,5.56 MILLIMETER",1,Each,499,D,1,2012-04-02 00:00:00,State
KS,HILLSBORO POLICE DEPT,1005-00-073-9421,"RIFLE,5.56 MILLIMETER",1,Each,499,D,1,2012-04-02 00:00:00,State
KS,HILLSBORO POLICE DEPT,1005-00-589-1271,"RIFLE,7.62 MILLIMETER",1,Each,138,D,1,2010-03-08 00:00:00,State
KS,HILLSBORO POLICE DEPT,1005-00-073-9421,"RIFLE,5.56 MILLIMETER",1,Each,499,D,1,2012-04-02 00:00:00,State
KS,HILLSBORO POLICE DEPT,1005-00-726-5655,"PISTOL,CALIBER .45,AUTOMATIC",1,Each,58.71,D,1,2010-03-08 00:00:00,State
KS,HILLSBORO POLICE DEPT,1005-00-073-9421,"RIFLE,5.56 MILLIMETER",1,Each,499,D,1,2012-04-02 00:00:00,State
KS,HILLSBORO POLICE DEPT,1005-00-856-6885,"RIFLE,5.56 MILLIMETER",1,Each,120,D,1,2010-03-09 00:00:00,State
KS,HILLSBORO POLICE DEPT,1005-00-073-9421,"RIFLE,5.56 MILLIMETER",1,Each,499,D,1,2012-04-02 00:00:00,State
KS,HILLSBORO POLICE DEPT,1005-00-589-1271,"RIFLE,7.62 MILLIMETER",1,Each,138,D,1,2011-12-30 00:00:00,State
KS,HILLSBORO POLICE DEPT,1005-00-589-1271,"RIFLE,7.62 MILLIMETER",1,Each,138,D,1,2011-12-30 00:00:00,State
KS,HILLSBORO POLICE DEPT,1005-00-179-0300,"RIFLE,7.62 MILLIMETER",1,Each,1278,D,1,1995-10-10 00:00:00,State
KS,HILLSBORO POLICE DEPT,1005-00-073-9421,"RIFLE,5.56 MILLIMETER",1,Each,499,D,1,2012-04-02 00:00:00,State
KS,HILLSBORO POLICE DEPT,1005-00-073-9421,"RIFLE,5.56 MILLIMETER",1,Each,499,D,1,2012-04-02 00:00:00,State
KS,HOISINGTON POLICE DEPT,1005-00-856-6885,"RIFLE,5.56 MILLIMETER",1,Each,120,D,1,2011-10-12 00:00:00,State
KS,HOISINGTON POLICE DEPT,1005-00-856-6885,"RIFLE,5.56 MILLIMETER",1,Each,120,D,1,2011-10-12 00:00:00,State
KS,HOISINGTON POLICE DEPT,1005-00-856-6885,"RIFLE,5.56 MILLIMETER",1,Each,120,D,1,2011-10-12 00:00:00,State
KS,HOISINGTON POLICE DEPT,1005-00-856-6885,"RIFLE,5.56 MILLIMETER",1,Each,120,D,1,2011-10-12 00:00:00,State
KS,HOLTON POLICE DET,1005-00-856-6885,"RIFLE,5.56 MILLIMETER",1,Each,120,D,1,2011-10-12 00:00:00,State
KS,HOLTON POLICE DET,1005-00-856-6885,"RIFLE,5.56 MILLIMETER",1,Each,120,D,1,2011-10-12 00:00:00,State
KS,HOLTON POLICE DET,1005-00-856-6885,"RIFLE,5.56 MILLIMETER",1,Each,120,D,1,2011-10-12 00:00:00,State
KS,HOLTON POLICE DET,1005-00-856-6885,"RIFLE,5.56 MILLIMETER",1,Each,120,D,1,2011-10-12 00:00:00,State
KS,HOLTON POLICE DET,1005-00-856-6885,"RIFLE,5.56 MILLIMETER",1,Each,120,D,1,2011-10-12 00:00:00,State
KS,HOLTON POLICE DET,1005-00-856-6885,"RIFLE,5.56 MILLIMETER",1,Each,120,D,1,2011-10-12 00:00:00,State
KS,HOLTON POLICE DET,1005-00-856-6885,"RIFLE,5.56 MILLIMETER",1,Each,120,D,1,2011-10-12 00:00:00,State
KS,IOLA POLICE DEPT,1005-00-073-9421,"RIFLE,5.56 MILLIMETER",1,Each,499,D,1,2006-05-04 00:00:00,State
KS,IOLA POLICE DEPT,1005-00-073-9421,"RIFLE,5.56 MILLIMETER",1,Each,499,D,1,2006-05-04 00:00:00,State
KS,IOLA POLICE DEPT,1005-00-073-9421,"RIFLE,5.56 MILLIMETER",1,Each,499,D,1,2006-05-04 00:00:00,State
KS,IOLA POLICE DEPT,1005-00-856-6885,"RIFLE,5.56 MILLIMETER",1,Each,120,D,1,2011-09-27 00:00:00,State
KS,IOLA POLICE DEPT,1005-00-856-6885,"RIFLE,5.56 MILLIMETER",1,Each,120,D,1,2011-09-27 00:00:00,State
KS,IOLA POLICE DEPT,1005-00-856-6885,"RIFLE,5.56 MILLIMETER",1,Each,120,D,1,2011-09-27 00:00:00,State
KS,IOLA POLICE DEPT,1005-00-856-6885,"RIFLE,5.56 MILLIMETER",1,Each,120,D,1,2011-09-27 00:00:00,State
KS,IOLA POLICE DEPT,1005-00-856-6885,"RIFLE,5.56 MILLIMETER",1,Each,120,D,1,2011-09-27 00:00:00,State
KS,IOLA POLICE DEPT,1005-00-073-9421,"RIFLE,5.56 MILLIMETER",1,Each,499,D,1,2006-05-04 00:00:00,State
KS,IOLA POLICE DEPT,1005-00-856-6885,"RIFLE,5.56 MILLIMETER",1,Each,120,D,1,2011-09-27 00:00:00,State
KS,IOLA POLICE DEPT,1005-00-856-6885,"RIFLE,5.56 MILLIMETER",1,Each,120,D,1,2011-09-27 00:00:00,State
KS,JACKSON CSO,2330-DS-TRA-ILE1,TRAILER,1,Each,3800,A,,2019-09-06 00:00:00,State
KS,JEFFERSON COUNTY SHERIFF DEPT,1005-00-856-6885,"RIFLE,5.56 MILLIMETER",1,Each,120,D,1,2011-08-25 00:00:00,State
KS,JEFFERSON COUNTY SHERIFF DEPT,1005-00-856-6885,"RIFLE,5.56 MILLIMETER",1,Each,120,D,1,2011-08-25 00:00:00,State
KS,JEFFERSON COUNTY SHERIFF DEPT,1005-00-856-6885,"RIFLE,5.56 MILLIMETER",1,Each,120,D,1,2011-08-25 00:00:00,State
KS,JEFFERSON COUNTY SHERIFF DEPT,1005-00-856-6885,"RIFLE,5.56 MILLIMETER",1,Each,120,D,1,2011-08-25 00:00:00,State
KS,JEFFERSON COUNTY SHERIFF DEPT,1005-00-856-6885,"RIFLE,5.56 MILLIMETER",1,Each,120,D,1,2011-08-25 00:00:00,State
KS,JEFFERSON COUNTY SHERIFF DEPT,1005-00-856-6885,"RIFLE,5.56 MILLIMETER",1,Each,120,D,1,2011-08-25 00:00:00,State
KS,JEFFERSON COUNTY SHERIFF DEPT,1005-00-856-6885,"RIFLE,5.56 MILLIMETER",1,Each,120,D,1,2011-08-25 00:00:00,State
KS,JEFFERSON COUNTY SHERIFF DEPT,1005-00-856-6885,"RIFLE,5.56 MILLIMETER",1,Each,120,D,1,2011-08-25 00:00:00,State
KS,JEFFERSON COUNTY SHERIFF DEPT,1005-00-856-6885,"RIFLE,5.56 MILLIMETER",1,Each,120,D,1,2011-08-25 00:00:00,State
KS,JEFFERSON COUNTY SHERIFF DEPT,1005-00-856-6885,"RIFLE,5.56 MILLIMETER",1,Each,120,D,1,2011-08-25 00:00:00,State
KS,JEFFERSON COUNTY SHERIFF DEPT,1005-00-856-6885,"RIFLE,5.56 MILLIMETER",1,Each,120,D,1,2011-08-25 00:00:00,State
KS,JEFFERSON COUNTY SHERIFF DEPT,1005-00-856-6885,"RIFLE,5.56 MILLIMETER",1,Each,120,D,1,2011-08-25 00:00:00,State
KS,JEFFERSON COUNTY SHERIFF DEPT,1005-00-856-6885,"RIFLE,5.56 MILLIMETER",1,Each,120,D,1,2011-08-25 00:00:00,State
KS,JEFFERSON COUNTY SHERIFF DEPT,1005-00-856-6885,"RIFLE,5.56 MILLIMETER",1,Each,120,D,1,2011-08-25 00:00:00,State
KS,JEFFERSON COUNTY SHERIFF DEPT,1005-00-856-6885,"RIFLE,5.56 MILLIMETER",1,Each,120,D,1,2011-08-25 00:00:00,State
KS,JEFFERSON COUNTY SHERIFF DEPT,1005-00-856-6885,"RIFLE,5.56 MILLIMETER",1,Each,120,D,1,2011-08-25 00:00:00,State
KS,JEFFERSON COUNTY SHERIFF DEPT,1005-00-856-6885,"RIFLE,5.56 MILLIMETER",1,Each,120,D,1,2011-08-25 00:00:00,State
KS,JEFFERSON COUNTY SHERIFF DEPT,1005-00-856-6885,"RIFLE,5.56 MILLIMETER",1,Each,120,D,1,2011-08-25 00:00:00,State
KS,JEFFERSON COUNTY SHERIFF DEPT,1005-00-856-6885,"RIFLE,5.56 MILLIMETER",1,Each,120,D,1,2011-08-25 00:00:00,State
KS,KS DEPT OF WILDLIFE PARKS & TOURISM,1005-00-589-1271,"RIFLE,7.62 MILLIMETER",1,Each,138,D,1,1994-11-07 00:00:00,State
KS,KS DEPT OF WILDLIFE PARKS & TOURISM,1005-00-589-1271,"RIFLE,7.62 MILLIMETER",1,Each,138,D,1,2000-11-28 00:00:00,State
KS,KS DEPT OF WILDLIFE PARKS & TOURISM,1005-00-589-1271,"RIFLE,7.62 MILLIMETER",1,Each,138,D,1,1994-11-07 00:00:00,State
KS,KS DEPT OF WILDLIFE PARKS & TOURISM,1005-00-589-1271,"RIFLE,7.62 MILLIMETER",1,Each,138,D,1,1994-11-07 00:00:00,State
KS,KS DEPT OF WILDLIFE PARKS & TOURISM,1005-00-589-1271,"RIFLE,7.62 MILLIMETER",1,Each,138,D,1,1994-11-07 00:00:00,State
KS,KS DEPT OF WILDLIFE PARKS & TOURISM,1005-00-589-1271,"RIFLE,7.62 MILLIMETER",1,Each,138,D,1,1995-04-13 00:00:00,State
KS,KS DEPT OF WILDLIFE PARKS & TOURISM,1005-00-589-1271,"RIFLE,7.62 MILLIMETER",1,Each,138,D,1,1994-11-07 00:00:00,State
KS,KS DEPT OF WILDLIFE PARKS & TOURISM,1005-00-589-1271,"RIFLE,7.62 MILLIMETER",1,Each,138,D,1,1994-11-07 00:00:00,State
KS,KS DEPT OF WILDLIFE PARKS & TOURISM,1005-00-589-1271,"RIFLE,7.62 MILLIMETER",1,Each,138,D,1,1994-11-07 00:00:00,State
KS,KS DEPT OF WILDLIFE PARKS & TOURISM,1005-00-589-1271,"RIFLE,7.62 MILLIMETER",1,Each,138,D,1,1994-11-07 00:00:00,State
KS,KS DEPT OF WILDLIFE PARKS & TOURISM,1005-00-589-1271,"RIFLE,7.62 MILLIMETER",1,Each,138,D,1,1994-11-07 00:00:00,State
KS,KS DEPT OF WILDLIFE PARKS & TOURISM,1005-00-589-1271,"RIFLE,7.62 MILLIMETER",1,Each,138,D,1,1995-04-13 00:00:00,State
KS,KS DEPT OF WILDLIFE PARKS & TOURISM,1005-00-589-1271,"RIFLE,7.62 MILLIMETER",1,Each,138,D,1,1994-11-07 00:00:00,State
KS,KS DEPT OF WILDLIFE PARKS & TOURISM,1005-00-589-1271,"RIFLE,7.62 MILLIMETER",1,Each,138,D,1,2000-11-28 00:00:00,State
KS,KS DEPT OF WILDLIFE PARKS & TOURISM,1005-00-589-1271,"RIFLE,7.62 MILLIMETER",1,Each,138,D,1,1994-11-07 00:00:00,State
KS,LACYGNE POLICE DEPARTMENT,1005-00-726-5655,"PISTOL,CALIBER .45,AUTOMATIC",1,Each,58.71,D,1,2010-01-06 00:00:00,State
KS,LACYGNE POLICE DEPARTMENT,1005-00-856-6885,"RIFLE,5.56 MILLIMETER",1,Each,120,D,1,2010-02-24 00:00:00,State
KS,LACYGNE POLICE DEPARTMENT,1005-00-856-6885,"RIFLE,5.56 MILLIMETER",1,Each,120,D,1,2010-01-06 00:00:00,State
KS,LACYGNE POLICE DEPARTMENT,1005-00-726-5655,"PISTOL,CALIBER .45,AUTOMATIC",1,Each,58.71,D,1,2010-01-06 00:00:00,State
KS,LACYGNE POLICE DEPARTMENT,1005-00-856-6885,"RIFLE,5.56 MILLIMETER",1,Each,120,D,1,2010-10-05 00:00:00,State
KS,LEAVENWORTH COUNTY SHERIFF DEPT,1005-00-589-1271,"RIFLE,7.62 MILLIMETER",1,Each,138,D,1,2011-12-30 00:00:00,State
KS,LEAVENWORTH COUNTY SHERIFF DEPT,1005-00-589-1271,"RIFLE,7.62 MILLIMETER",1,Each,138,D,1,2011-12-30 00:00:00,State
KS,LEAVENWORTH COUNTY SHERIFF DEPT,1005-00-589-1271,"RIFLE,7.62 MILLIMETER",1,Each,138,D,1,2011-12-30 00:00:00,State
KS,LEAVENWORTH COUNTY SHERIFF DEPT,1005-00-589-1271,"RIFLE,7.62 MILLIMETER",1,Each,138,D,1,2011-12-30 00:00:00,State
KS,LEAVENWORTH COUNTY SHERIFF DEPT,1005-00-589-1271,"RIFLE,7.62 MILLIMETER",1,Each,138,D,1,2011-12-30 00:00:00,State
KS,LEAVENWORTH COUNTY SHERIFF DEPT,1005-00-589-1271,"RIFLE,7.62 MILLIMETER",1,Each,138,D,1,2011-12-30 00:00:00,State
KS,LEAVENWORTH COUNTY SHERIFF DEPT,1005-00-589-1271,"RIFLE,7.62 MILLIMETER",1,Each,138,D,1,2011-12-30 00:00:00,State
KS,LEAVENWORTH COUNTY SHERIFF DEPT,1005-00-589-1271,"RIFLE,7.62 MILLIMETER",1,Each,138,D,1,2011-12-30 00:00:00,State
KS,LEAVENWORTH COUNTY SHERIFF DEPT,1005-00-589-1271,"RIFLE,7.62 MILLIMETER",1,Each,138,D,1,2011-12-30 00:00:00,State
KS,LEAVENWORTH COUNTY SHERIFF DEPT,1005-00-589-1271,"RIFLE,7.62 MILLIMETER",1,Each,138,D,1,2011-12-30 00:00:00,State
KS,LEAVENWORTH COUNTY SHERIFF DEPT,1005-00-589-1271,"RIFLE,7.62 MILLIMETER",1,Each,138,D,1,2011-12-30 00:00:00,State
KS,LEAVENWORTH COUNTY SHERIFF DEPT,1005-00-589-1271,"RIFLE,7.62 MILLIMETER",1,Each,138,D,1,2011-12-30 00:00:00,State
KS,LENEXA POLICE DEPARTMENT,1385-01-574-4707,"UNMANNED VEHICLE,GROUND",1,Each,10000,Q,3,2014-04-17 00:00:00,State
KS,LINDSBORG POLICE DEPT,1005-00-589-1271,"RIFLE,7.62 MILLIMETER",1,Each,138,D,1,1999-04-26 00:00:00,State
KS,LINN COUNTY SHERIFF'S OFFICE,1005-00-856-6885,"RIFLE,5.56 MILLIMETER",1,Each,120,D,1,2011-10-24 00:00:00,State
KS,LINN COUNTY SHERIFF'S OFFICE,1005-00-589-1271,"RIFLE,7.62 MILLIMETER",1,Each,138,D,1,1994-11-07 00:00:00,State
KS,LINN COUNTY SHERIFF'S OFFICE,1005-00-589-1271,"RIFLE,7.62 MILLIMETER",1,Each,138,D,1,1995-04-13 00:00:00,State
KS,LINN COUNTY SHERIFF'S OFFICE,1005-00-856-6885,"RIFLE,5.56 MILLIMETER",1,Each,120,D,1,2010-10-28 00:00:00,State
KS,LINN COUNTY SHERIFF'S OFFICE,1005-00-726-5655,"PISTOL,CALIBER .45,AUTOMATIC",1,Each,58.71,D,1,2010-10-28 00:00:00,State
KS,LINN COUNTY SHERIFF'S OFFICE,1005-00-726-5655,"PISTOL,CALIBER .45,AUTOMATIC",1,Each,58.71,D,1,2010-10-28 00:00:00,State
KS,LINN COUNTY SHERIFF'S OFFICE,1005-00-726-5655,"PISTOL,CALIBER .45,AUTOMATIC",1,Each,58.71,D,1,2011-07-21 00:00:00,State
KS,LINN COUNTY SHERIFF'S OFFICE,1005-00-726-5655,"PISTOL,CALIBER .45,AUTOMATIC",1,Each,58.71,D,1,2011-07-21 00:00:00,State
KS,LINN COUNTY SHERIFF'S OFFICE,1005-00-726-5655,"PISTOL,CALIBER .45,AUTOMATIC",1,Each,58.71,D,1,2011-07-21 00:00:00,State
KS,LINN COUNTY SHERIFF'S OFFICE,1005-00-856-6885,"RIFLE,5.56 MILLIMETER",1,Each,120,D,1,2011-10-24 00:00:00,State
KS,LINN COUNTY SHERIFF'S OFFICE,1005-00-856-6885,"RIFLE,5.56 MILLIMETER",1,Each,120,D,1,2011-10-24 00:00:00,State
KS,LINN COUNTY SHERIFF'S OFFICE,1005-00-726-5655,"PISTOL,CALIBER .45,AUTOMATIC",1,Each,58.71,D,1,2011-04-14 00:00:00,State
KS,LINN COUNTY SHERIFF'S OFFICE,1005-00-726-5655,"PISTOL,CALIBER .45,AUTOMATIC",1,Each,58.71,D,1,2011-04-14 00:00:00,State
KS,LINN COUNTY SHERIFF'S OFFICE,1005-00-726-5655,"PISTOL,CALIBER .45,AUTOMATIC",1,Each,58.71,D,1,2011-04-14 00:00:00,State
KS,LINN COUNTY SHERIFF'S OFFICE,1005-00-726-5655,"PISTOL,CALIBER .45,AUTOMATIC",1,Each,58.71,D,1,2006-05-04 00:00:00,State
KS,LINN COUNTY SHERIFF'S OFFICE,1005-00-726-5655,"PISTOL,CALIBER .45,AUTOMATIC",1,Each,58.71,D,1,2011-04-14 00:00:00,State
KS,LINN COUNTY SHERIFF'S OFFICE,1005-00-726-5655,"PISTOL,CALIBER .45,AUTOMATIC",1,Each,58.71,D,1,2006-05-04 00:00:00,State
KS,LINN COUNTY SHERIFF'S OFFICE,1005-00-726-5655,"PISTOL,CALIBER .45,AUTOMATIC",1,Each,58.71,D,1,2006-05-04 00:00:00,State
KS,LINN COUNTY SHERIFF'S OFFICE,1005-00-726-5655,"PISTOL,CALIBER .45,AUTOMATIC",1,Each,58.71,D,1,2006-05-04 00:00:00,State
KS,LINN COUNTY SHERIFF'S OFFICE,1005-00-726-5655,"PISTOL,CALIBER .45,AUTOMATIC",1,Each,58.71,D,1,2006-05-04 00:00:00,State
KS,LINN COUNTY SHERIFF'S OFFICE,1005-00-726-5655,"PISTOL,CALIBER .45,AUTOMATIC",1,Each,58.71,D,1,2011-04-14 00:00:00,State
KS,LINN COUNTY SHERIFF'S OFFICE,1005-00-726-5655,"PISTOL,CALIBER .45,AUTOMATIC",1,Each,58.71,D,1,2006-05-04 00:00:00,State
KS,LINN COUNTY SHERIFF'S OFFICE,1005-00-856-6885,"RIFLE,5.56 MILLIMETER",1,Each,120,D,1,2011-10-24 00:00:00,State
KS,LINN COUNTY SHERIFF'S OFFICE,1005-00-856-6885,"RIFLE,5.56 MILLIMETER",1,Each,120,D,1,2011-10-24 00:00:00,State
KS,LINN COUNTY SHERIFF'S OFFICE,1005-00-856-6885,"RIFLE,5.56 MILLIMETER",1,Each,120,D,1,2011-10-24 00:00:00,State
KS,LINN COUNTY SHERIFF'S OFFICE,1005-00-589-1271,"RIFLE,7.62 MILLIMETER",1,Each,138,D,1,1995-04-13 00:00:00,State
KS,LINN COUNTY SHERIFF'S OFFICE,1005-00-856-6885,"RIFLE,5.56 MILLIMETER",1,Each,120,D,1,2011-10-24 00:00:00,State
KS,LINN COUNTY SHERIFF'S OFFICE,1005-00-856-6885,"RIFLE,5.56 MILLIMETER",1,Each,120,D,1,2011-10-24 00:00:00,State
KS,LINN COUNTY SHERIFF'S OFFICE,1005-00-856-6885,"RIFLE,5.56 MILLIMETER",1,Each,120,D,1,2011-10-24 00:00:00,State
KS,LINN COUNTY SHERIFF'S OFFICE,1005-00-589-1271,"RIFLE,7.62 MILLIMETER",1,Each,138,D,1,1995-04-13 00:00:00,State
KS,LINN COUNTY SHERIFF'S OFFICE,1005-00-589-1271,"RIFLE,7.62 MILLIMETER",1,Each,138,D,1,1995-04-13 00:00:00,State
KS,LINN COUNTY SHERIFF'S OFFICE,1005-00-589-1271,"RIFLE,7.62 MILLIMETER",1,Each,138,D,1,1994-11-07 00:00:00,State
KS,LINN COUNTY SHERIFF'S OFFICE,1005-00-856-6885,"RIFLE,5.56 MILLIMETER",1,Each,120,D,1,2011-10-24 00:00:00,State
KS,LINN COUNTY SHERIFF'S OFFICE,1005-00-856-6885,"RIFLE,5.56 MILLIMETER",1,Each,120,D,1,2011-10-24 00:00:00,State
KS,LINN COUNTY SHERIFF'S OFFICE,1005-00-589-1271,"RIFLE,7.62 MILLIMETER",1,Each,138,D,1,1995-04-13 00:00:00,State
KS,LINN COUNTY SHERIFF'S OFFICE,1005-00-856-6885,"RIFLE,5.56 MILLIMETER",1,Each,120,D,1,2011-10-24 00:00:00,State
KS,LINN COUNTY SHERIFF'S OFFICE,1005-00-589-1271,"RIFLE,7.62 MILLIMETER",1,Each,138,D,1,1995-04-13 00:00:00,State
KS,LINN COUNTY SHERIFF'S OFFICE,1005-00-589-1271,"RIFLE,7.62 MILLIMETER",1,Each,138,D,1,1995-04-13 00:00:00,State
KS,LINN COUNTY SHERIFF'S OFFICE,1005-00-726-5655,"PISTOL,CALIBER .45,AUTOMATIC",1,Each,58.71,D,1,2011-04-14 00:00:00,State
KS,LINN COUNTY SHERIFF'S OFFICE,1005-00-726-5655,"PISTOL,CALIBER .45,AUTOMATIC",1,Each,58.71,D,1,2010-10-28 00:00:00,State
KS,LINN COUNTY SHERIFF'S OFFICE,1005-00-856-6885,"RIFLE,5.56 MILLIMETER",1,Each,120,D,1,2010-10-28 00:00:00,State
KS,LINN COUNTY SHERIFF'S OFFICE,1005-00-726-5655,"PISTOL,CALIBER .45,AUTOMATIC",1,Each,58.71,D,1,2010-10-28 00:00:00,State
KS,LINN COUNTY SHERIFF'S OFFICE,1005-00-726-5655,"PISTOL,CALIBER .45,AUTOMATIC",1,Each,58.71,D,1,2006-05-04 00:00:00,State
KS,LYON COUNTY SHERIFF,2355-01-562-6146,MINE RESISTANT VEHICLE,1,Each,689000,C,1,2014-03-28 00:00:00,State
KS,METRO TOPEKA AIRPORT POLICE,1005-00-073-9421,"RIFLE,5.56 MILLIMETER",1,Each,499,D,1,2002-10-02 00:00:00,State
KS,METRO TOPEKA AIRPORT POLICE,1005-00-073-9421,"RIFLE,5.56 MILLIMETER",1,Each,499,D,1,2002-10-02 00:00:00,State
KS,METRO TOPEKA AIRPORT POLICE,1005-00-073-9421,"RIFLE,5.56 MILLIMETER",1,Each,499,D,1,1999-06-10 00:00:00,State
KS,METRO TOPEKA AIRPORT POLICE,1005-00-073-9421,"RIFLE,5.56 MILLIMETER",1,Each,499,D,1,2002-10-02 00:00:00,State
KS,MINNEAPOLIS POLICE DEPT,1005-00-856-6885,"RIFLE,5.56 MILLIMETER",1,Each,120,D,1,2011-09-14 00:00:00,State
KS,MINNEAPOLIS POLICE DEPT,1005-00-856-6885,"RIFLE,5.56 MILLIMETER",1,Each,120,D,1,2011-09-14 00:00:00,State
KS,MINNEAPOLIS POLICE DEPT,1005-00-856-6885,"RIFLE,5.56 MILLIMETER",1,Each,120,D,1,2011-09-14 00:00:00,State
KS,MINNEAPOLIS POLICE DEPT,1005-00-856-6885,"RIFLE,5.56 MILLIMETER",1,Each,120,D,1,2011-09-14 00:00:00,State
KS,MINNEAPOLIS POLICE DEPT,1005-00-856-6885,"RIFLE,5.56 MILLIMETER",1,Each,120,D,1,2011-09-14 00:00:00,State
KS,MINNEAPOLIS POLICE DEPT,1005-00-856-6885,"RIFLE,5.56 MILLIMETER",1,Each,120,D,1,2011-09-14 00:00:00,State
KS,MONTGOMERY COUNTY SHERIFF OFFICE,1005-00-589-1271,"RIFLE,7.62 MILLIMETER",1,Each,138,D,1,1995-06-29 00:00:00,State
KS,MONTGOMERY COUNTY SHERIFF OFFICE,1005-00-179-0300,"RIFLE,7.62 MILLIMETER",1,Each,1278,D,1,1996-05-01 00:00:00,State
KS,MONTGOMERY COUNTY SHERIFF OFFICE,1005-00-589-1271,"RIFLE,7.62 MILLIMETER",1,Each,138,D,1,1995-06-29 00:00:00,State
KS,MONTGOMERY COUNTY SHERIFF OFFICE,1005-00-179-0300,"RIFLE,7.62 MILLIMETER",1,Each,1278,D,1,1996-05-01 00:00:00,State
KS,MONTGOMERY COUNTY SHERIFF OFFICE,2320-01-413-3739,"TRUCK,UTILITY",1,Each,192513,C,1,2017-05-18 00:00:00,State
KS,MONTGOMERY COUNTY SHERIFF OFFICE,1005-00-589-1271,"RIFLE,7.62 MILLIMETER",1,Each,138,D,1,1995-06-29 00:00:00,State
KS,MONTGOMERY COUNTY SHERIFF OFFICE,1005-00-589-1271,"RIFLE,7.62 MILLIMETER",1,Each,138,D,1,1995-06-29 00:00:00,State
KS,MONTGOMERY COUNTY SHERIFF OFFICE,1005-00-589-1271,"RIFLE,7.62 MILLIMETER",1,Each,138,D,1,1995-06-29 00:00:00,State
KS,MONTGOMERY COUNTY SHERIFF OFFICE,1385-DS-ROB-TEOD,EOD ROBOT,1,Each,14608.44,D,,2017-08-22 00:00:00,State
KS,MONTGOMERY COUNTY SHERIFF OFFICE,1005-00-589-1271,"RIFLE,7.62 MILLIMETER",1,Each,138,D,1,1995-06-29 00:00:00,State
KS,NEMAHA COUNTY SHERIFF DEPT,1005-00-073-9421,"RIFLE,5.56 MILLIMETER",1,Each,499,D,1,1998-04-27 00:00:00,State
KS,NEMAHA COUNTY SHERIFF DEPT,1005-00-073-9421,"RIFLE,5.56 MILLIMETER",1,Each,499,D,1,2002-07-24 00:00:00,State
KS,NEMAHA COUNTY SHERIFF DEPT,1005-00-073-9421,"RIFLE,5.56 MILLIMETER",1,Each,499,D,1,2002-07-24 00:00:00,State
KS,NEMAHA COUNTY SHERIFF DEPT,1005-00-073-9421,"RIFLE,5.56 MILLIMETER",1,Each,499,D,1,1998-04-27 00:00:00,State
KS,NEMAHA COUNTY SHERIFF DEPT,1005-00-073-9421,"RIFLE,5.56 MILLIMETER",1,Each,499,D,1,2002-07-24 00:00:00,State
KS,NEMAHA COUNTY SHERIFF DEPT,1005-00-073-9421,"RIFLE,5.56 MILLIMETER",1,Each,499,D,1,1998-04-27 00:00:00,State
KS,NEMAHA COUNTY SHERIFF DEPT,1005-00-073-9421,"RIFLE,5.56 MILLIMETER",1,Each,499,D,1,2002-07-24 00:00:00,State
KS,NEMAHA COUNTY SHERIFF DEPT,1005-00-073-9421,"RIFLE,5.56 MILLIMETER",1,Each,499,D,1,2002-07-24 00:00:00,State
KS,NEMAHA COUNTY SHERIFF DEPT,1005-00-073-9421,"RIFLE,5.56 MILLIMETER",1,Each,499,D,1,1998-04-27 00:00:00,State
KS,NEMAHA COUNTY SHERIFF DEPT,1005-00-589-1271,"RIFLE,7.62 MILLIMETER",1,Each,138,D,1,1999-04-05 00:00:00,State
KS,NEODESHA POLICE DEPT,1005-00-589-1271,"RIFLE,7.62 MILLIMETER",1,Each,138,D,1,1995-04-13 00:00:00,State
KS,NEODESHA POLICE DEPT,1005-00-856-6885,"RIFLE,5.56 MILLIMETER",1,Each,120,D,1,2011-09-12 00:00:00,State
KS,NEODESHA POLICE DEPT,1005-00-856-6885,"RIFLE,5.56 MILLIMETER",1,Each,120,D,1,2011-09-12 00:00:00,State
KS,NEODESHA POLICE DEPT,1005-00-856-6885,"RIFLE,5.56 MILLIMETER",1,Each,120,D,1,2011-09-12 00:00:00,State
KS,NEODESHA POLICE DEPT,1005-00-856-6885,"RIFLE,5.56 MILLIMETER",1,Each,120,D,1,2011-09-12 00:00:00,State
KS,NEODESHA POLICE DEPT,1005-00-856-6885,"RIFLE,5.56 MILLIMETER",1,Each,120,D,1,2011-09-12 00:00:00,State
KS,NEODESHA POLICE DEPT,1005-00-589-1271,"RIFLE,7.62 MILLIMETER",1,Each,138,D,1,1994-11-07 00:00:00,State
KS,NEODESHA POLICE DEPT,1005-00-856-6885,"RIFLE,5.56 MILLIMETER",1,Each,120,D,1,2011-09-12 00:00:00,State
KS,NEODESHA POLICE DEPT,1005-00-856-6885,"RIFLE,5.56 MILLIMETER",1,Each,120,D,1,2011-09-12 00:00:00,State
KS,NEODESHA POLICE DEPT,1005-00-589-1271,"RIFLE,7.62 MILLIMETER",1,Each,138,D,1,1995-04-13 00:00:00,State
KS,NEODESHA POLICE DEPT,2320-01-456-1282,"TRUCK,UTILITY",1,Each,46983,C,1,2011-06-27 00:00:00,State
KS,OLATHE POLICE DEPT,2355-01-555-0908,MINE RESISTANT VEHICLE,1,Each,412000,C,1,2013-10-04 00:00:00,State
KS,ONAGA POLICE DEPT,1005-00-856-6885,"RIFLE,5.56 MILLIMETER",1,Each,120,D,1,2009-08-12 00:00:00,State
KS,ONAGA POLICE DEPT,1005-00-073-9421,"RIFLE,5.56 MILLIMETER",1,Each,499,D,1,2012-01-09 00:00:00,State
KS,OSAGE CITY POLICE DEPT,1005-00-073-9421,"RIFLE,5.56 MILLIMETER",1,Each,499,D,1,1998-08-07 00:00:00,State
KS,OSAGE CITY POLICE DEPT,1005-00-073-9421,"RIFLE,5.56 MILLIMETER",1,Each,499,D,1,1998-08-07 00:00:00,State
KS,OSAGE CITY POLICE DEPT,1005-00-073-9421,"RIFLE,5.56 MILLIMETER",1,Each,499,D,1,1998-08-07 00:00:00,State
KS,OSAGE CITY POLICE DEPT,1005-00-856-6885,"RIFLE,5.56 MILLIMETER",1,Each,120,D,1,2010-03-11 00:00:00,State
KS,OSAGE CITY POLICE DEPT,1005-00-856-6885,"RIFLE,5.56 MILLIMETER",1,Each,120,D,1,2010-03-11 00:00:00,State
KS,OSAGE CITY POLICE DEPT,1005-00-856-6885,"RIFLE,5.56 MILLIMETER",1,Each,120,D,1,2010-03-11 00:00:00,State
KS,OSAGE COUNTY SHERIFF,1005-00-589-1271,"RIFLE,7.62 MILLIMETER",1,Each,138,D,1,2005-05-03 00:00:00,State
KS,OSAGE COUNTY SHERIFF,1005-00-856-6885,"RIFLE,5.56 MILLIMETER",1,Each,120,D,1,2011-09-27 00:00:00,State
KS,OSAGE COUNTY SHERIFF,1005-00-073-9421,"RIFLE,5.56 MILLIMETER",1,Each,499,D,1,2002-07-24 00:00:00,State
KS,OSAGE COUNTY SHERIFF,1005-00-589-1271,"RIFLE,7.62 MILLIMETER",1,Each,138,D,1,2005-05-03 00:00:00,State
KS,OSAGE COUNTY SHERIFF,1005-00-073-9421,"RIFLE,5.56 MILLIMETER",1,Each,499,D,1,2002-07-24 00:00:00,State
KS,OSAGE COUNTY SHERIFF,1005-00-589-1271,"RIFLE,7.62 MILLIMETER",1,Each,138,D,1,2005-05-03 00:00:00,State
KS,OSAGE COUNTY SHERIFF,1005-00-726-5655,"PISTOL,CALIBER .45,AUTOMATIC",1,Each,58.71,D,1,2012-01-19 00:00:00,State
KS,OSAGE COUNTY SHERIFF,1005-00-726-5655,"PISTOL,CALIBER .45,AUTOMATIC",1,Each,58.71,D,1,2012-01-19 00:00:00,State
KS,OSAGE COUNTY SHERIFF,1005-00-726-5655,"PISTOL,CALIBER .45,AUTOMATIC",1,Each,58.71,D,1,2012-01-19 00:00:00,State
KS,OSAGE COUNTY SHERIFF,1005-00-726-5655,"PISTOL,CALIBER .45,AUTOMATIC",1,Each,58.71,D,1,2012-01-19 00:00:00,State
KS,OSAGE COUNTY SHERIFF,1005-00-726-5655,"PISTOL,CALIBER .45,AUTOMATIC",1,Each,58.71,D,1,2012-01-19 00:00:00,State
KS,OSAGE COUNTY SHERIFF,1005-00-726-5655,"PISTOL,CALIBER .45,AUTOMATIC",1,Each,58.71,D,1,2012-01-19 00:00:00,State
KS,OSAGE COUNTY SHERIFF,1005-00-726-5655,"PISTOL,CALIBER .45,AUTOMATIC",1,Each,58.71,D,1,2012-01-19 00:00:00,State
KS,OSAGE COUNTY SHERIFF,1005-00-726-5655,"PISTOL,CALIBER .45,AUTOMATIC",1,Each,58.71,D,1,2012-01-19 00:00:00,State
KS,OSAGE COUNTY SHERIFF,1005-00-589-1271,"RIFLE,7.62 MILLIMETER",1,Each,138,D,1,2005-05-03 00:00:00,State
KS,OSAGE COUNTY SHERIFF,1005-00-589-1271,"RIFLE,7.62 MILLIMETER",1,Each,138,D,1,2005-05-03 00:00:00,State
KS,OSAGE COUNTY SHERIFF,1005-00-589-1271,"RIFLE,7.62 MILLIMETER",1,Each,138,D,1,2005-05-03 00:00:00,State
KS,OSAGE COUNTY SHERIFF,1005-00-073-9421,"RIFLE,5.56 MILLIMETER",1,Each,499,D,1,2002-07-24 00:00:00,State
KS,OSAGE COUNTY SHERIFF,1005-00-073-9421,"RIFLE,5.56 MILLIMETER",1,Each,499,D,1,2002-07-24 00:00:00,State
KS,OSAGE COUNTY SHERIFF,1005-00-589-1271,"RIFLE,7.62 MILLIMETER",1,Each,138,D,1,2005-05-03 00:00:00,State
KS,OSAGE COUNTY SHERIFF,1005-00-589-1271,"RIFLE,7.62 MILLIMETER",1,Each,138,D,1,2005-05-03 00:00:00,State
KS,OSAGE COUNTY SHERIFF,1005-00-726-5655,"PISTOL,CALIBER .45,AUTOMATIC",1,Each,58.71,D,1,2012-01-19 00:00:00,State
KS,OSAGE COUNTY SHERIFF,1005-00-726-5655,"PISTOL,CALIBER .45,AUTOMATIC",1,Each,58.71,D,1,2012-01-19 00:00:00,State
KS,OSAGE COUNTY SHERIFF,1005-00-726-5655,"PISTOL,CALIBER .45,AUTOMATIC",1,Each,58.71,D,1,2012-01-19 00:00:00,State
KS,OSAGE COUNTY SHERIFF,1005-00-726-5655,"PISTOL,CALIBER .45,AUTOMATIC",1,Each,58.71,D,1,2012-01-19 00:00:00,State
KS,OSAGE COUNTY SHERIFF,1005-00-726-5655,"PISTOL,CALIBER .45,AUTOMATIC",1,Each,58.71,D,1,2012-01-19 00:00:00,State
KS,OSAGE COUNTY SHERIFF,1005-00-726-5655,"PISTOL,CALIBER .45,AUTOMATIC",1,Each,58.71,D,1,2012-01-19 00:00:00,State
KS,OSAGE COUNTY SHERIFF,1005-00-589-1271,"RIFLE,7.62 MILLIMETER",1,Each,138,D,1,2005-05-03 00:00:00,State
KS,OSAGE COUNTY SHERIFF,1005-00-726-5655,"PISTOL,CALIBER .45,AUTOMATIC",1,Each,58.71,D,1,2011-03-10 00:00:00,State
KS,OSAGE COUNTY SHERIFF,1005-00-726-5655,"PISTOL,CALIBER .45,AUTOMATIC",1,Each,58.71,D,1,2011-03-10 00:00:00,State
KS,OSAGE COUNTY SHERIFF,1005-00-856-6885,"RIFLE,5.56 MILLIMETER",1,Each,120,D,1,2011-09-27 00:00:00,State
KS,OSAGE COUNTY SHERIFF,1005-00-856-6885,"RIFLE,5.56 MILLIMETER",1,Each,120,D,1,2011-09-27 00:00:00,State
KS,OSAGE COUNTY SHERIFF,1005-00-856-6885,"RIFLE,5.56 MILLIMETER",1,Each,120,D,1,2009-08-18 00:00:00,State
KS,OSAGE COUNTY SHERIFF,1005-00-856-6885,"RIFLE,5.56 MILLIMETER",1,Each,120,D,1,2011-09-27 00:00:00,State
KS,OSAGE COUNTY SHERIFF,1005-00-856-6885,"RIFLE,5.56 MILLIMETER",1,Each,120,D,1,2009-08-18 00:00:00,State
KS,OSAGE COUNTY SHERIFF,1005-00-726-5655,"PISTOL,CALIBER .45,AUTOMATIC",1,Each,58.71,D,1,2011-03-10 00:00:00,State
KS,OSAGE COUNTY SHERIFF,1005-00-726-5655,"PISTOL,CALIBER .45,AUTOMATIC",1,Each,58.71,D,1,2011-03-10 00:00:00,State
KS,OSAGE COUNTY SHERIFF,1005-00-726-5655,"PISTOL,CALIBER .45,AUTOMATIC",1,Each,58.71,D,1,2011-03-10 00:00:00,State
KS,OSAGE COUNTY SHERIFF,1005-00-726-5655,"PISTOL,CALIBER .45,AUTOMATIC",1,Each,58.71,D,1,2011-03-10 00:00:00,State
KS,OSAGE COUNTY SHERIFF,1005-00-856-6885,"RIFLE,5.56 MILLIMETER",1,Each,120,D,1,2009-08-18 00:00:00,State
KS,OSAGE COUNTY SHERIFF,1005-01-373-2774,"MAGAZINE,CARTRIDGE",50,Each,36.52,D,1,2013-07-02 00:00:00,State
KS,OSAGE COUNTY SHERIFF,1005-00-856-6885,"RIFLE,5.56 MILLIMETER",1,Each,120,D,1,2011-09-27 00:00:00,State
KS,OSBORNE COUNTY SHERIFF DEPT,2320-01-128-9552,"TRUCK,UTILITY",1,Each,49897,C,1,2000-06-06 00:00:00,State
KS,OTTAWA POLICE DEPT,1005-00-073-9421,"RIFLE,5.56 MILLIMETER",1,Each,499,D,1,1997-06-03 00:00:00,State
KS,OTTAWA POLICE DEPT,1005-00-073-9421,"RIFLE,5.56 MILLIMETER",1,Each,499,D,1,1997-06-03 00:00:00,State
KS,OTTAWA POLICE DEPT,1005-00-073-9421,"RIFLE,5.56 MILLIMETER",1,Each,499,D,1,1997-06-03 00:00:00,State
KS,OTTAWA POLICE DEPT,1005-00-073-9421,"RIFLE,5.56 MILLIMETER",1,Each,499,D,1,1997-06-03 00:00:00,State
KS,OTTAWA POLICE DEPT,1005-00-073-9421,"RIFLE,5.56 MILLIMETER",1,Each,499,D,1,1997-06-03 00:00:00,State
KS,OTTAWA POLICE DEPT,1005-00-073-9421,"RIFLE,5.56 MILLIMETER",1,Each,499,D,1,1997-06-03 00:00:00,State
KS,OTTAWA POLICE DEPT,1005-00-073-9421,"RIFLE,5.56 MILLIMETER",1,Each,499,D,1,1997-06-03 00:00:00,State
KS,OTTAWA POLICE DEPT,1005-00-073-9421,"RIFLE,5.56 MILLIMETER",1,Each,499,D,1,1997-06-03 00:00:00,State
KS,OVERBROOK POLICE DEPARTMENT,1005-00-073-9421,"RIFLE,5.56 MILLIMETER",1,Each,499,D,1,2012-01-09 00:00:00,State
KS,OVERBROOK POLICE DEPARTMENT,1005-00-073-9421,"RIFLE,5.56 MILLIMETER",1,Each,499,D,1,2006-08-30 00:00:00,State
KS,OVERBROOK POLICE DEPARTMENT,1005-00-073-9421,"RIFLE,5.56 MILLIMETER",1,Each,499,D,1,2012-01-09 00:00:00,State
KS,OVERBROOK POLICE DEPARTMENT,1005-00-073-9421,"RIFLE,5.56 MILLIMETER",1,Each,499,D,1,2012-01-09 00:00:00,State
KS,OVERBROOK POLICE DEPARTMENT,1005-00-073-9421,"RIFLE,5.56 MILLIMETER",1,Each,499,D,1,2012-01-09 00:00:00,State
KS,PAOLA POLICE DEPT,1005-00-073-9421,"RIFLE,5.56 MILLIMETER",1,Each,499,D,1,2002-12-04 00:00:00,State
KS,PAOLA POLICE DEPT,1005-00-073-9421,"RIFLE,5.56 MILLIMETER",1,Each,499,D,1,2012-05-01 00:00:00,State
KS,PAOLA POLICE DEPT,1005-00-073-9421,"RIFLE,5.56 MILLIMETER",1,Each,499,D,1,2007-11-26 00:00:00,State
KS,PAOLA POLICE DEPT,1005-00-073-9421,"RIFLE,5.56 MILLIMETER",1,Each,499,D,1,2007-11-26 00:00:00,State
KS,PAOLA POLICE DEPT,1005-00-073-9421,"RIFLE,5.56 MILLIMETER",1,Each,499,D,1,2007-11-26 00:00:00,State
KS,PAOLA POLICE DEPT,1005-00-073-9421,"RIFLE,5.56 MILLIMETER",1,Each,499,D,1,2007-11-26 00:00:00,State
KS,PAOLA POLICE DEPT,1005-00-073-9421,"RIFLE,5.56 MILLIMETER",1,Each,499,D,1,2007-11-26 00:00:00,State
KS,PAOLA POLICE DEPT,1005-00-073-9421,"RIFLE,5.56 MILLIMETER",1,Each,499,D,1,2007-11-26 00:00:00,State
KS,PAOLA POLICE DEPT,1005-00-073-9421,"RIFLE,5.56 MILLIMETER",1,Each,499,D,1,2007-11-26 00:00:00,State
KS,PAOLA POLICE DEPT,1005-00-073-9421,"RIFLE,5.56 MILLIMETER",1,Each,499,D,1,2007-11-26 00:00:00,State
KS,PAOLA POLICE DEPT,1005-00-073-9421,"RIFLE,5.56 MILLIMETER",1,Each,499,D,1,2007-11-26 00:00:00,State
KS,PAOLA POLICE DEPT,1005-00-073-9421,"RIFLE,5.56 MILLIMETER",1,Each,499,D,1,2007-11-26 00:00:00,State
KS,PAOLA POLICE DEPT,1005-00-073-9421,"RIFLE,5.56 MILLIMETER",1,Each,499,D,1,2012-05-01 00:00:00,State
KS,PAOLA POLICE DEPT,1005-00-856-6885,"RIFLE,5.56 MILLIMETER",1,Each,120,D,1,2010-06-14 00:00:00,State
KS,PAOLA POLICE DEPT,1005-00-073-9421,"RIFLE,5.56 MILLIMETER",1,Each,499,D,1,2012-05-01 00:00:00,State
KS,PAOLA POLICE DEPT,1005-00-073-9421,"RIFLE,5.56 MILLIMETER",1,Each,499,D,1,2012-05-01 00:00:00,State
KS,PAOLA POLICE DEPT,1005-00-073-9421,"RIFLE,5.56 MILLIMETER",1,Each,499,D,1,2012-05-01 00:00:00,State
KS,PAOLA POLICE DEPT,1005-00-073-9421,"RIFLE,5.56 MILLIMETER",1,Each,499,D,1,2002-12-04 00:00:00,State
KS,PITTSBURG POLICE DEPT,1005-00-073-9421,"RIFLE,5.56 MILLIMETER",1,Each,499,D,1,1997-04-21 00:00:00,State
KS,PITTSBURG POLICE DEPT,1005-00-073-9421,"RIFLE,5.56 MILLIMETER",1,Each,499,D,1,1997-04-21 00:00:00,State
KS,PITTSBURG POLICE DEPT,1005-00-073-9421,"RIFLE,5.56 MILLIMETER",1,Each,499,D,1,1997-04-21 00:00:00,State
KS,PITTSBURG POLICE DEPT,1005-00-073-9421,"RIFLE,5.56 MILLIMETER",1,Each,499,D,1,1997-04-21 00:00:00,State
KS,PITTSBURG POLICE DEPT,1005-00-073-9421,"RIFLE,5.56 MILLIMETER",1,Each,499,D,1,1997-04-21 00:00:00,State
KS,PITTSBURG POLICE DEPT,1005-00-073-9421,"RIFLE,5.56 MILLIMETER",1,Each,499,D,1,1998-04-27 00:00:00,State
KS,PITTSBURG POLICE DEPT,1005-00-073-9421,"RIFLE,5.56 MILLIMETER",1,Each,499,D,1,1998-04-27 00:00:00,State
KS,PITTSBURG POLICE DEPT,1005-00-073-9421,"RIFLE,5.56 MILLIMETER",1,Each,499,D,1,1997-04-21 00:00:00,State
KS,PITTSBURG POLICE DEPT,1005-00-073-9421,"RIFLE,5.56 MILLIMETER",1,Each,499,D,1,1997-04-21 00:00:00,State
KS,PITTSBURG POLICE DEPT,1005-00-073-9421,"RIFLE,5.56 MILLIMETER",1,Each,499,D,1,1998-04-27 00:00:00,State
KS,PITTSBURG POLICE DEPT,1005-00-073-9421,"RIFLE,5.56 MILLIMETER",1,Each,499,D,1,1998-04-27 00:00:00,State
KS,PITTSBURG POLICE DEPT,1005-00-073-9421,"RIFLE,5.56 MILLIMETER",1,Each,499,D,1,1998-04-27 00:00:00,State
KS,PITTSBURG POLICE DEPT,1005-00-073-9421,"RIFLE,5.56 MILLIMETER",1,Each,499,D,1,1998-04-27 00:00:00,State
KS,PITTSBURG POLICE DEPT,1005-00-073-9421,"RIFLE,5.56 MILLIMETER",1,Each,499,D,1,1997-04-21 00:00:00,State
KS,PITTSBURG POLICE DEPT,1005-00-073-9421,"RIFLE,5.56 MILLIMETER",1,Each,499,D,1,1997-04-21 00:00:00,State
KS,PITTSBURG POLICE DEPT,1005-00-073-9421,"RIFLE,5.56 MILLIMETER",1,Each,499,D,1,1997-04-21 00:00:00,State
KS,PLAINVILLE POLICE DEPT,1005-00-073-9421,"RIFLE,5.56 MILLIMETER",1,Each,499,D,1,2012-01-03 00:00:00,State
KS,PLAINVILLE POLICE DEPT,1005-00-073-9421,"RIFLE,5.56 MILLIMETER",1,Each,499,D,1,1998-08-25 00:00:00,State
KS,PLAINVILLE POLICE DEPT,1005-00-073-9421,"RIFLE,5.56 MILLIMETER",1,Each,499,D,1,2012-01-03 00:00:00,State
KS,PLAINVILLE POLICE DEPT,1005-00-073-9421,"RIFLE,5.56 MILLIMETER",1,Each,499,D,1,2012-01-03 00:00:00,State
KS,PLAINVILLE POLICE DEPT,1005-00-073-9421,"RIFLE,5.56 MILLIMETER",1,Each,499,D,1,1998-08-25 00:00:00,State
KS,PRAIRIE VILLAGE POLICE DEPT,1005-00-856-6885,"RIFLE,5.56 MILLIMETER",1,Each,120,D,1,2012-02-07 00:00:00,State
KS,PRAIRIE VILLAGE POLICE DEPT,1005-00-856-6885,"RIFLE,5.56 MILLIMETER",1,Each,120,D,1,2009-11-13 00:00:00,State
KS,PRAIRIE VILLAGE POLICE DEPT,1005-00-856-6885,"RIFLE,5.56 MILLIMETER",1,Each,120,D,1,2012-02-07 00:00:00,State
KS,PRAIRIE VILLAGE POLICE DEPT,1005-00-856-6885,"RIFLE,5.56 MILLIMETER",1,Each,120,D,1,2012-02-07 00:00:00,State
KS,PRAIRIE VILLAGE POLICE DEPT,1005-00-856-6885,"RIFLE,5.56 MILLIMETER",1,Each,120,D,1,2009-11-12 00:00:00,State
KS,PRAIRIE VILLAGE POLICE DEPT,1005-00-856-6885,"RIFLE,5.56 MILLIMETER",1,Each,120,D,1,2009-11-13 00:00:00,State
KS,PRAIRIE VILLAGE POLICE DEPT,1005-00-856-6885,"RIFLE,5.56 MILLIMETER",1,Each,120,D,1,2009-11-12 00:00:00,State
KS,PRAIRIE VILLAGE POLICE DEPT,1005-00-856-6885,"RIFLE,5.56 MILLIMETER",1,Each,120,D,1,2009-11-13 00:00:00,State
KS,PRAIRIE VILLAGE POLICE DEPT,1005-00-856-6885,"RIFLE,5.56 MILLIMETER",1,Each,120,D,1,2009-11-12 00:00:00,State
KS,PRAIRIE VILLAGE POLICE DEPT,1005-00-856-6885,"RIFLE,5.56 MILLIMETER",1,Each,120,D,1,2009-11-12 00:00:00,State
KS,PRAIRIE VILLAGE POLICE DEPT,1005-00-856-6885,"RIFLE,5.56 MILLIMETER",1,Each,120,D,1,2009-11-12 00:00:00,State
KS,PRAIRIE VILLAGE POLICE DEPT,1005-00-856-6885,"RIFLE,5.56 MILLIMETER",1,Each,120,D,1,2009-11-13 00:00:00,State
KS,PRATT COUNTY SHERIFF OFFICE,1005-00-589-1271,"RIFLE,7.62 MILLIMETER",1,Each,138,D,1,1994-11-07 00:00:00,State
KS,PRATT COUNTY SHERIFF OFFICE,1005-00-589-1271,"RIFLE,7.62 MILLIMETER",1,Each,138,D,1,1994-11-07 00:00:00,State
KS,PRATT COUNTY SHERIFF OFFICE,1005-00-589-1271,"RIFLE,7.62 MILLIMETER",1,Each,138,D,1,1994-11-07 00:00:00,State
KS,PRATT COUNTY SHERIFF OFFICE,1005-00-589-1271,"RIFLE,7.62 MILLIMETER",1,Each,138,D,1,1994-11-07 00:00:00,State
KS,PRATT COUNTY SHERIFF OFFICE,1385-01-574-4707,"UNMANNED VEHICLE,GROUND",1,Each,10000,Q,3,2018-11-14 00:00:00,State
KS,PRATT COUNTY SHERIFF OFFICE,1005-00-589-1271,"RIFLE,7.62 MILLIMETER",1,Each,138,D,1,1994-11-07 00:00:00,State
KS,PRATT COUNTY SHERIFF OFFICE,1005-00-589-1271,"RIFLE,7.62 MILLIMETER",1,Each,138,D,1,1994-11-07 00:00:00,State
KS,PRATT COUNTY SHERIFF OFFICE,1005-00-589-1271,"RIFLE,7.62 MILLIMETER",1,Each,138,D,1,1994-11-08 00:00:00,State
KS,PRATT COUNTY SHERIFF OFFICE,1005-00-589-1271,"RIFLE,7.62 MILLIMETER",1,Each,138,D,1,1994-11-08 00:00:00,State
KS,RAWLINS COUNTY SHERIFF DEPT,1005-00-856-6885,"RIFLE,5.56 MILLIMETER",1,Each,120,D,1,2011-09-14 00:00:00,State
KS,RAWLINS COUNTY SHERIFF DEPT,1005-00-726-5655,"PISTOL,CALIBER .45,AUTOMATIC",1,Each,58.71,D,1,2011-09-14 00:00:00,State
KS,RAWLINS COUNTY SHERIFF DEPT,1005-00-856-6885,"RIFLE,5.56 MILLIMETER",1,Each,120,D,1,2011-09-14 00:00:00,State
KS,RAWLINS COUNTY SHERIFF DEPT,1005-00-856-6885,"RIFLE,5.56 MILLIMETER",1,Each,120,D,1,2009-08-19 00:00:00,State
KS,RAWLINS COUNTY SHERIFF DEPT,1005-00-589-1271,"RIFLE,7.62 MILLIMETER",1,Each,138,D,1,2008-09-30 00:00:00,State
KS,RAWLINS COUNTY SHERIFF DEPT,1005-00-726-5655,"PISTOL,CALIBER .45,AUTOMATIC",1,Each,58.71,D,1,2008-10-01 00:00:00,State
KS,RAWLINS COUNTY SHERIFF DEPT,1005-00-726-5655,"PISTOL,CALIBER .45,AUTOMATIC",1,Each,58.71,D,1,2011-09-14 00:00:00,State
KS,RAWLINS COUNTY SHERIFF DEPT,1005-00-589-1271,"RIFLE,7.62 MILLIMETER",1,Each,138,D,1,1994-11-07 00:00:00,State
KS,RAWLINS COUNTY SHERIFF DEPT,1005-00-856-6885,"RIFLE,5.56 MILLIMETER",1,Each,120,D,1,2011-09-14 00:00:00,State
KS,RAWLINS COUNTY SHERIFF DEPT,1005-00-726-5655,"PISTOL,CALIBER .45,AUTOMATIC",1,Each,58.71,D,1,2011-09-14 00:00:00,State
KS,RENO COUNTY SHERIFFS OFFICE,1005-00-856-6885,"RIFLE,5.56 MILLIMETER",1,Each,120,D,1,2009-11-13 00:00:00,State
KS,RENO COUNTY SHERIFFS OFFICE,1005-00-856-6885,"RIFLE,5.56 MILLIMETER",1,Each,120,D,1,2009-11-13 00:00:00,State
KS,RENO COUNTY SHERIFFS OFFICE,1005-00-856-6885,"RIFLE,5.56 MILLIMETER",1,Each,120,D,1,2009-11-13 00:00:00,State
KS,RENO COUNTY SHERIFFS OFFICE,1005-00-856-6885,"RIFLE,5.56 MILLIMETER",1,Each,120,D,1,2009-11-13 00:00:00,State
KS,RENO COUNTY SHERIFFS OFFICE,1005-00-856-6885,"RIFLE,5.56 MILLIMETER",1,Each,120,D,1,2009-11-13 00:00:00,State
KS,RENO COUNTY SHERIFFS OFFICE,1005-00-856-6885,"RIFLE,5.56 MILLIMETER",1,Each,120,D,1,2009-11-13 00:00:00,State
KS,RENO COUNTY SHERIFFS OFFICE,1005-00-856-6885,"RIFLE,5.56 MILLIMETER",1,Each,120,D,1,2009-11-13 00:00:00,State
KS,RENO COUNTY SHERIFFS OFFICE,1005-00-856-6885,"RIFLE,5.56 MILLIMETER",1,Each,120,D,1,2009-11-13 00:00:00,State
KS,RENO COUNTY SHERIFFS OFFICE,1005-00-856-6885,"RIFLE,5.56 MILLIMETER",1,Each,120,D,1,2009-11-13 00:00:00,State
KS,RENO COUNTY SHERIFFS OFFICE,1005-00-856-6885,"RIFLE,5.56 MILLIMETER",1,Each,120,D,1,2009-11-13 00:00:00,State
KS,RENO COUNTY SHERIFFS OFFICE,1005-00-856-6885,"RIFLE,5.56 MILLIMETER",1,Each,120,D,1,2009-11-13 00:00:00,State
KS,RENO COUNTY SHERIFFS OFFICE,1005-00-856-6885,"RIFLE,5.56 MILLIMETER",1,Each,120,D,1,2009-11-13 00:00:00,State
KS,RENO COUNTY SHERIFFS OFFICE,1005-00-856-6885,"RIFLE,5.56 MILLIMETER",1,Each,120,D,1,2009-11-13 00:00:00,State
KS,RENO COUNTY SHERIFFS OFFICE,1005-00-856-6885,"RIFLE,5.56 MILLIMETER",1,Each,120,D,1,2009-11-13 00:00:00,State
KS,RICE COUNTY SHERIFFS OFFICE,1005-00-073-9421,"RIFLE,5.56 MILLIMETER",1,Each,499,D,1,1996-09-10 00:00:00,State
KS,RICE COUNTY SHERIFFS OFFICE,1005-00-073-9421,"RIFLE,5.56 MILLIMETER",1,Each,499,D,1,1996-09-10 00:00:00,State
KS,RICE COUNTY SHERIFFS OFFICE,1005-00-073-9421,"RIFLE,5.56 MILLIMETER",1,Each,499,D,1,1996-09-10 00:00:00,State
KS,RICE COUNTY SHERIFFS OFFICE,1005-00-589-1271,"RIFLE,7.62 MILLIMETER",1,Each,138,D,1,1996-09-09 00:00:00,State
KS,RILEY COUNTY POLICE DEPT,1385-01-574-4707,"UNMANNED VEHICLE,GROUND",1,Each,10000,Q,3,2014-04-17 00:00:00,State
KS,SALINA POLICE DEPT,2355-DS-COM-BTV2,ONLY COMPLETE COMBAT/ASSAULT/TACTICAL WHEELED VEHICLES,1,Each,200000,D,,2011-10-28 00:00:00,State
KS,SEDGWICK COUNTY SHERIFF DEPT,2355-01-553-4634,MINE RESISTANT VEHICLE,1,Each,658000,C,1,2013-11-12 00:00:00,State
KS,SHAWNEE POLICE DEPT,2355-01-590-1660,MINE RESISTANT VEHICLE,1,Each,733000,C,1,2014-03-06 00:00:00,State
KS,SHERMAN COUNTY SHERIFF DEPT,1005-00-856-6885,"RIFLE,5.56 MILLIMETER",1,Each,120,D,1,2011-10-20 00:00:00,State
KS,SHERMAN COUNTY SHERIFF DEPT,1005-00-856-6885,"RIFLE,5.56 MILLIMETER",1,Each,120,D,1,2011-10-20 00:00:00,State
KS,SHERMAN COUNTY SHERIFF DEPT,1005-00-589-1271,"RIFLE,7.62 MILLIMETER",1,Each,138,D,1,2000-03-20 00:00:00,State
KS,SHERMAN COUNTY SHERIFF DEPT,1005-00-073-9421,"RIFLE,5.56 MILLIMETER",1,Each,499,D,1,2002-09-26 00:00:00,State
KS,SHERMAN COUNTY SHERIFF DEPT,1005-00-856-6885,"RIFLE,5.56 MILLIMETER",1,Each,120,D,1,2011-10-20 00:00:00,State
KS,SHERMAN COUNTY SHERIFF DEPT,1005-00-856-6885,"RIFLE,5.56 MILLIMETER",1,Each,120,D,1,2011-10-20 00:00:00,State
KS,STERLING POLICE DEPT,1005-00-073-9421,"RIFLE,5.56 MILLIMETER",1,Each,499,D,1,2012-01-19 00:00:00,State
KS,STERLING POLICE DEPT,1005-00-073-9421,"RIFLE,5.56 MILLIMETER",1,Each,499,D,1,2012-01-19 00:00:00,State
KS,STERLING POLICE DEPT,1005-00-073-9421,"RIFLE,5.56 MILLIMETER",1,Each,499,D,1,2012-01-19 00:00:00,State
KS,STERLING POLICE DEPT,1005-00-073-9421,"RIFLE,5.56 MILLIMETER",1,Each,499,D,1,2012-01-19 00:00:00,State
KS,STERLING POLICE DEPT,1005-00-073-9421,"RIFLE,5.56 MILLIMETER",1,Each,499,D,1,2012-01-19 00:00:00,State
KS,STERLING POLICE DEPT,1005-00-073-9421,"RIFLE,5.56 MILLIMETER",1,Each,499,D,1,2012-01-19 00:00:00,State
KS,TOPEKA POLICE DEPARTMENT,1005-00-856-6885,"RIFLE,5.56 MILLIMETER",1,Each,120,D,1,2010-07-14 00:00:00,State
KS,TOPEKA POLICE DEPARTMENT,1005-00-856-6885,"RIFLE,5.56 MILLIMETER",1,Each,120,D,1,2010-07-14 00:00:00,State
KS,TOPEKA POLICE DEPARTMENT,1005-00-856-6885,"RIFLE,5.56 MILLIMETER",1,Each,120,D,1,2010-07-14 00:00:00,State
KS,TOPEKA POLICE DEPARTMENT,1005-00-856-6885,"RIFLE,5.56 MILLIMETER",1,Each,120,D,1,2010-07-15 00:00:00,State
KS,TOPEKA POLICE DEPARTMENT,1005-00-856-6885,"RIFLE,5.56 MILLIMETER",1,Each,120,D,1,2010-07-15 00:00:00,State
KS,TOPEKA POLICE DEPARTMENT,1005-00-856-6885,"RIFLE,5.56 MILLIMETER",1,Each,120,D,1,2010-07-14 00:00:00,State
KS,TOPEKA POLICE DEPARTMENT,1005-00-856-6885,"RIFLE,5.56 MILLIMETER",1,Each,120,D,1,2010-07-14 00:00:00,State
KS,TOPEKA POLICE DEPARTMENT,1005-00-856-6885,"RIFLE,5.56 MILLIMETER",1,Each,120,D,1,2010-07-14 00:00:00,State
KS,TOPEKA POLICE DEPARTMENT,1005-00-856-6885,"RIFLE,5.56 MILLIMETER",1,Each,120,D,1,2010-07-15 00:00:00,State
KS,TOPEKA POLICE DEPARTMENT,1005-00-856-6885,"RIFLE,5.56 MILLIMETER",1,Each,120,D,1,2010-07-15 00:00:00,State
KS,TOPEKA POLICE DEPARTMENT,1005-00-856-6885,"RIFLE,5.56 MILLIMETER",1,Each,120,D,1,2010-07-15 00:00:00,State
KS,TOPEKA POLICE DEPARTMENT,1005-00-856-6885,"RIFLE,5.56 MILLIMETER",1,Each,120,D,1,2010-07-15 00:00:00,State
KS,TOPEKA POLICE DEPARTMENT,1005-00-856-6885,"RIFLE,5.56 MILLIMETER",1,Each,120,D,1,2010-07-15 00:00:00,State
KS,TOPEKA POLICE DEPARTMENT,1005-00-856-6885,"RIFLE,5.56 MILLIMETER",1,Each,120,D,1,2010-07-14 00:00:00,State
KS,TOPEKA POLICE DEPARTMENT,1005-00-856-6885,"RIFLE,5.56 MILLIMETER",1,Each,120,D,1,2010-07-14 00:00:00,State
KS,TOPEKA POLICE DEPARTMENT,1005-00-856-6885,"RIFLE,5.56 MILLIMETER",1,Each,120,D,1,2010-07-14 00:00:00,State
KS,TOPEKA POLICE DEPARTMENT,1005-00-856-6885,"RIFLE,5.56 MILLIMETER",1,Each,120,D,1,2010-07-15 00:00:00,State
KS,TOPEKA POLICE DEPARTMENT,1005-00-856-6885,"RIFLE,5.56 MILLIMETER",1,Each,120,D,1,2010-07-14 00:00:00,State
KS,TOPEKA POLICE DEPARTMENT,1005-00-856-6885,"RIFLE,5.56 MILLIMETER",1,Each,120,D,1,2010-07-14 00:00:00,State
KS,TOPEKA POLICE DEPARTMENT,1005-00-856-6885,"RIFLE,5.56 MILLIMETER",1,Each,120,D,1,2010-07-15 00:00:00,State
KS,TOPEKA POLICE DEPARTMENT,1005-00-856-6885,"RIFLE,5.56 MILLIMETER",1,Each,120,D,1,2010-07-15 00:00:00,State
KS,TOPEKA POLICE DEPARTMENT,1005-00-856-6885,"RIFLE,5.56 MILLIMETER",1,Each,120,D,1,2010-07-15 00:00:00,State
KS,TOPEKA POLICE DEPARTMENT,1005-00-856-6885,"RIFLE,5.56 MILLIMETER",1,Each,120,D,1,2010-07-14 00:00:00,State
KS,TOPEKA POLICE DEPARTMENT,1005-00-856-6885,"RIFLE,5.56 MILLIMETER",1,Each,120,D,1,2010-07-14 00:00:00,State
KS,TOPEKA POLICE DEPARTMENT,1005-00-856-6885,"RIFLE,5.56 MILLIMETER",1,Each,120,D,1,2010-07-14 00:00:00,State
KS,TOPEKA POLICE DEPARTMENT,1005-00-856-6885,"RIFLE,5.56 MILLIMETER",1,Each,120,D,1,2010-07-15 00:00:00,State
KS,TOPEKA POLICE DEPARTMENT,1005-00-856-6885,"RIFLE,5.56 MILLIMETER",1,Each,120,D,1,2010-07-15 00:00:00,State
KS,TOPEKA POLICE DEPARTMENT,1005-00-856-6885,"RIFLE,5.56 MILLIMETER",1,Each,120,D,1,2010-07-15 00:00:00,State
KS,TOPEKA POLICE DEPARTMENT,1005-00-856-6885,"RIFLE,5.56 MILLIMETER",1,Each,120,D,1,2010-07-15 00:00:00,State
KS,TOPEKA POLICE DEPARTMENT,1005-00-856-6885,"RIFLE,5.56 MILLIMETER",1,Each,120,D,1,2010-07-15 00:00:00,State
KS,TOPEKA POLICE DEPARTMENT,1005-00-856-6885,"RIFLE,5.56 MILLIMETER",1,Each,120,D,1,2010-07-14 00:00:00,State
KS,TOPEKA POLICE DEPARTMENT,1005-00-856-6885,"RIFLE,5.56 MILLIMETER",1,Each,120,D,1,2010-07-14 00:00:00,State
KS,TOPEKA POLICE DEPARTMENT,1005-00-856-6885,"RIFLE,5.56 MILLIMETER",1,Each,120,D,1,2010-07-15 00:00:00,State
KS,TOPEKA POLICE DEPARTMENT,1005-00-856-6885,"RIFLE,5.56 MILLIMETER",1,Each,120,D,1,2010-07-15 00:00:00,State
KS,TOPEKA POLICE DEPARTMENT,1005-00-856-6885,"RIFLE,5.56 MILLIMETER",1,Each,120,D,1,2010-07-15 00:00:00,State
KS,TOPEKA POLICE DEPARTMENT,1005-00-856-6885,"RIFLE,5.56 MILLIMETER",1,Each,120,D,1,2010-07-14 00:00:00,State
KS,TOPEKA POLICE DEPARTMENT,1005-00-856-6885,"RIFLE,5.56 MILLIMETER",1,Each,120,D,1,2010-07-14 00:00:00,State
KS,TOPEKA POLICE DEPARTMENT,1005-00-856-6885,"RIFLE,5.56 MILLIMETER",1,Each,120,D,1,2010-07-15 00:00:00,State
KS,TOPEKA POLICE DEPARTMENT,1005-00-856-6885,"RIFLE,5.56 MILLIMETER",1,Each,120,D,1,2010-07-15 00:00:00,State
KS,TOPEKA POLICE DEPARTMENT,1005-00-856-6885,"RIFLE,5.56 MILLIMETER",1,Each,120,D,1,2010-07-15 00:00:00,State
KS,TOPEKA POLICE DEPARTMENT,1005-00-856-6885,"RIFLE,5.56 MILLIMETER",1,Each,120,D,1,2010-07-14 00:00:00,State
KS,TOPEKA POLICE DEPARTMENT,1005-00-856-6885,"RIFLE,5.56 MILLIMETER",1,Each,120,D,1,2010-07-14 00:00:00,State
KS,TOPEKA POLICE DEPARTMENT,1005-00-856-6885,"RIFLE,5.56 MILLIMETER",1,Each,120,D,1,2010-07-14 00:00:00,State
KS,TOPEKA POLICE DEPARTMENT,1005-00-856-6885,"RIFLE,5.56 MILLIMETER",1,Each,120,D,1,2010-07-15 00:00:00,State
KS,TOPEKA POLICE DEPARTMENT,1005-00-856-6885,"RIFLE,5.56 MILLIMETER",1,Each,120,D,1,2010-07-14 00:00:00,State
KS,TOPEKA POLICE DEPARTMENT,1005-00-856-6885,"RIFLE,5.56 MILLIMETER",1,Each,120,D,1,2010-07-14 00:00:00,State
KS,TOPEKA POLICE DEPARTMENT,1005-00-856-6885,"RIFLE,5.56 MILLIMETER",1,Each,120,D,1,2010-07-14 00:00:00,State
KS,TOPEKA POLICE DEPARTMENT,1005-00-856-6885,"RIFLE,5.56 MILLIMETER",1,Each,120,D,1,2010-07-14 00:00:00,State
KS,TOPEKA POLICE DEPARTMENT,1005-00-856-6885,"RIFLE,5.56 MILLIMETER",1,Each,120,D,1,2010-07-14 00:00:00,State
KS,TOPEKA POLICE DEPARTMENT,1005-00-856-6885,"RIFLE,5.56 MILLIMETER",1,Each,120,D,1,2010-07-15 00:00:00,State
KS,TOPEKA POLICE DEPARTMENT,1005-00-856-6885,"RIFLE,5.56 MILLIMETER",1,Each,120,D,1,2010-07-14 00:00:00,State
KS,TOPEKA POLICE DEPARTMENT,1005-00-856-6885,"RIFLE,5.56 MILLIMETER",1,Each,120,D,1,2010-07-15 00:00:00,State
KS,TOPEKA POLICE DEPARTMENT,1005-00-856-6885,"RIFLE,5.56 MILLIMETER",1,Each,120,D,1,2010-07-15 00:00:00,State
KS,TOPEKA POLICE DEPARTMENT,1005-00-856-6885,"RIFLE,5.56 MILLIMETER",1,Each,120,D,1,2010-07-15 00:00:00,State
KS,TOPEKA POLICE DEPARTMENT,1005-00-856-6885,"RIFLE,5.56 MILLIMETER",1,Each,120,D,1,2010-07-14 00:00:00,State
KS,WALLACE COUNTY SHERIFF'S DEPARTMENT,1005-00-856-6885,"RIFLE,5.56 MILLIMETER",1,Each,120,D,1,2011-10-20 00:00:00,State
KS,WALLACE COUNTY SHERIFF'S DEPARTMENT,1005-00-856-6885,"RIFLE,5.56 MILLIMETER",1,Each,120,D,1,2011-10-20 00:00:00,State
KS,WAMEGO POLICE DEPT,1005-00-073-9421,"RIFLE,5.56 MILLIMETER",1,Each,499,D,1,2005-10-26 00:00:00,State
KS,WAMEGO POLICE DEPT,1005-00-073-9421,"RIFLE,5.56 MILLIMETER",1,Each,499,D,1,2005-10-26 00:00:00,State
KS,WAMEGO POLICE DEPT,1005-00-073-9421,"RIFLE,5.56 MILLIMETER",1,Each,499,D,1,2005-10-26 00:00:00,State
KS,WASHINGTON COUNTY SHERIFF DEPT,1005-00-589-1271,"RIFLE,7.62 MILLIMETER",1,Each,138,D,1,2012-04-16 00:00:00,State
KS,WASHINGTON COUNTY SHERIFF DEPT,1005-00-589-1271,"RIFLE,7.62 MILLIMETER",1,Each,138,D,1,2006-09-05 00:00:00,State
KS,WATERVILLE POLICE DEPT,1005-00-589-1271,"RIFLE,7.62 MILLIMETER",1,Each,138,D,1,1995-04-13 00:00:00,State
KS,WINDOM POLICE DEPT,1005-00-073-9421,"RIFLE,5.56 MILLIMETER",1,Each,499,D,1,1998-01-03 00:00:00,State
KS,WYANDOTTE COUNTY SHERIFF OFFICE,1005-00-856-6885,"RIFLE,5.56 MILLIMETER",1,Each,120,D,1,2011-06-15 00:00:00,State
KS,WYANDOTTE COUNTY SHERIFF OFFICE,1005-00-856-6885,"RIFLE,5.56 MILLIMETER",1,Each,120,D,1,2011-06-15 00:00:00,State
KS,WYANDOTTE COUNTY SHERIFF OFFICE,1005-00-856-6885,"RIFLE,5.56 MILLIMETER",1,Each,120,D,1,2011-06-14 00:00:00,State
KS,WYANDOTTE COUNTY SHERIFF OFFICE,1005-00-856-6885,"RIFLE,5.56 MILLIMETER",1,Each,120,D,1,2011-06-15 00:00:00,State
KS,WYANDOTTE COUNTY SHERIFF OFFICE,1005-00-856-6885,"RIFLE,5.56 MILLIMETER",1,Each,120,D,1,2011-06-15 00:00:00,State
KS,WYANDOTTE COUNTY SHERIFF OFFICE,1005-00-856-6885,"RIFLE,5.56 MILLIMETER",1,Each,120,D,1,2011-06-14 00:00:00,State
KS,WYANDOTTE COUNTY SHERIFF OFFICE,1005-00-856-6885,"RIFLE,5.56 MILLIMETER",1,Each,120,D,1,2011-06-15 00:00:00,State
KS,WYANDOTTE COUNTY SHERIFF OFFICE,1005-00-856-6885,"RIFLE,5.56 MILLIMETER",1,Each,120,D,1,2011-06-14 00:00:00,State
KS,WYANDOTTE COUNTY SHERIFF OFFICE,1005-00-856-6885,"RIFLE,5.56 MILLIMETER",1,Each,120,D,1,2011-06-14 00:00:00,State
KS,WYANDOTTE COUNTY SHERIFF OFFICE,8470-01-506-0938,"HELMET,GROUND TROOPS'",15,Each,283.43,D,1,2015-02-19 00:00:00,State
KS,WYANDOTTE COUNTY SHERIFF OFFICE,1005-00-856-6885,"RIFLE,5.56 MILLIMETER",1,Each,120,D,1,2011-06-14 00:00:00,State
KS,WYANDOTTE COUNTY SHERIFF OFFICE,1005-00-921-5004,"MAGAZINE,CARTRIDGE",50,Each,13.56,D,1,2014-03-03 00:00:00,State
KS,WYANDOTTE COUNTY SHERIFF OFFICE,1005-00-856-6885,"RIFLE,5.56 MILLIMETER",1,Each,120,D,1,2011-06-15 00:00:00,State
KS,WYANDOTTE COUNTY SHERIFF OFFICE,1005-00-856-6885,"RIFLE,5.56 MILLIMETER",1,Each,120,D,1,2011-06-14 00:00:00,State
KS,WYANDOTTE COUNTY SHERIFF OFFICE,1005-00-856-6885,"RIFLE,5.56 MILLIMETER",1,Each,120,D,1,2011-06-16 00:00:00,State
KS,WYANDOTTE COUNTY SHERIFF OFFICE,1005-00-856-6885,"RIFLE,5.56 MILLIMETER",1,Each,120,D,1,2011-06-16 00:00:00,State
KS,WYANDOTTE COUNTY SHERIFF OFFICE,1005-00-856-6885,"RIFLE,5.56 MILLIMETER",1,Each,120,D,1,2011-06-16 00:00:00,State
KS,WYANDOTTE COUNTY SHERIFF OFFICE,1005-00-856-6885,"RIFLE,5.56 MILLIMETER",1,Each,120,D,1,2011-06-16 00:00:00,State
KS,WYANDOTTE COUNTY SHERIFF OFFICE,1005-00-856-6885,"RIFLE,5.56 MILLIMETER",1,Each,120,D,1,2011-06-14 00:00:00,State
KS,WYANDOTTE COUNTY SHERIFF OFFICE,1005-00-856-6885,"RIFLE,5.56 MILLIMETER",1,Each,120,D,1,2011-06-15 00:00:00,State
KS,WYANDOTTE COUNTY SHERIFF OFFICE,1005-00-856-6885,"RIFLE,5.56 MILLIMETER",1,Each,120,D,1,2011-06-14 00:00:00,State
KS,WYANDOTTE COUNTY SHERIFF OFFICE,1005-00-856-6885,"RIFLE,5.56 MILLIMETER",1,Each,120,D,1,2011-06-15 00:00:00,State
