State,Agency Name,NSN,Item Name,Quantity ,UI,Acquisition Value,Demil Code,Date Requested,Reason for Cancellation,,,,,
AL,Abbeville Police Dept,1305009144719,5.56MM,1640,EA,=E2*0.29,G,2017-06-12 00:00:00,Quantity of ammunition not available.,,,,,
AL,Abbeville Police Dept,1305012879659,5.56MM,1640,EA,=E3*0.32,G,2017-06-12 00:00:00,Ammunition no longer available.,,,,,
AL,Abbeville Police Dept,1305015335663,5.56MM,1800,EA,=E4*0.4,G,2017-06-12 00:00:00,Agency cancelled their request.,,,,,
AL,Andalusia Police Dept,1305009263970,5.56MM,6560,EA,=E5*0.2,G,2017-06-12 00:00:00,Quantity of ammunition not available.,,,,,
AL,Andalusia Police Dept,1305013865604,12 GAGE,120,EA,=E6*0.59,G,2017-06-12 00:00:00,Quantity of ammunition not available.,,,,,
AL,Athens Police Dept,1305009263970,5.56MM,8615,EA,=E7*0.2,G,2017-06-12 00:00:00,Quantity of ammunition not available.,,,,,
AL,Athens Police Dept,1305013865604,12 GAGE,120,EA,=E8*0.59,G,2017-06-12 00:00:00,Quantity of ammunition not available.,,,,,
AL,Athens Police Dept,1305014847701,12 GAUGE,360,EA,=E9*0.51,G,2017-06-12 00:00:00,Quantity of ammunition not available.,,,,,
AL,Centre Police Dept,1305009263970,5.56MM,2600,EA,=E10*0.2,G,2017-06-12 00:00:00,Quantity of ammunition not available.,,,,,
AL,Centre Police Dept,1305014847701,12 GAUGE,900,EA,=E11*0.51,G,2017-06-12 00:00:00,Quantity of ammunition not available.,,,,,
AL,Chambers CSO,1305003011685,CAL .45,4800,EA,=E12*0.72,G,2017-06-23 00:00:00,Quantity of ammunition not available.,,,,,
AL,Chambers CSO,1305009263970,5.56MM,4800,EA,=E13*0.2,G,2017-06-23 00:00:00,Quantity of ammunition not available.,,,,,
AL,Chambers CSO,1305014847701,12 GAUGE,900,EA,=E14*0.51,G,2017-06-23 00:00:00,Quantity of ammunition not available.,,,,,
AL,Coosa CSO,1305012879659,5.56MM,2400,EA,=E15*0.32,G,2017-06-23 00:00:00,Ammunition no longer available.,,,,,
AL,Coosa CSO,1305014847701,12 GAUGE,600,EA,=E16*0.51,G,2017-06-23 00:00:00,Quantity of ammunition not available.,,,,,
AL,Coosa CSO,1305015090177,5.56MM,2400,EA,=E17*0.27,G,2017-06-23 00:00:00,Quantity of ammunition not available.,,,,,
AL,Coosa CSO,1305015335663,5.56MM,2400,EA,=E18*0.4,G,2017-06-23 00:00:00,Quantity of ammunition not available.,,,,,
AL,Cottonwood Police Dept,1305003011685,CAL .45,1000,EA,=E19*0.72,G,2017-06-22 00:00:00,Quantity of ammunition not available.,,,,,
AL,Cottonwood Police Dept,1305009263929,5.56MM,250,EA,=E20*0.35,G,2017-06-22 00:00:00,Quantity of ammunition not available.,,,,,
AL,Cottonwood Police Dept,1305009263970,5.56MM,1000,EA,=E21*0.2,G,2017-06-22 00:00:00,Quantity of ammunition not available.,,,,,
AL,Cottonwood Police Dept,1305013865604,12 GAGE,40,EA,=E22*0.59,G,2017-06-22 00:00:00,Quantity of ammunition not available.,,,,,
AL,Cottonwood Police Dept,1305014673026,5.56MM,1000,EA,=E23*0.4,G,2017-06-22 00:00:00,Quantity of ammunition not available.,,,,,
AL,Cottonwood Police Dept,1305014847701,12 GAUGE,150,EA,=E24*0.51,G,2017-06-22 00:00:00,Quantity of ammunition not available.,,,,,
AL,Cottonwood Police Dept,1305999783426,5.56MM,900,EA,=E25*0.26,G,2017-06-22 00:00:00,Agency cancelled their request.,,,,,
AL,Fultondale Police Dept,1305009263970,5.56MM,4000,EA,=E26*0.2,G,2017-06-12 00:00:00,Quantity of ammunition not available.,,,,,
AL,Fultondale Police Dept,1305014847701,12 GAUGE,300,EA,=E27*0.51,G,2017-06-12 00:00:00,Quantity of ammunition not available.,,,,,
AL,Loxley Police Dept,1305009263970,5.56MM,2800,EA,=E28*0.2,G,2017-06-12 00:00:00,Quantity of ammunition not available.,,,,,
AL,Marshall CSO,1305003011685,CAL .45,5000,EA,=E29*0.72,G,2017-06-21 00:00:00,Quantity of ammunition not available.,,,,,
AL,Northport Police Dept,1305009263970,5.56MM,10000,EA,=E30*0.2,G,2017-06-12 00:00:00,Quantity of ammunition not available.,,,,,
AL,Oneonta Police Dept,1305009263970,5.56MM,5000,EA,=E31*0.2,G,2017-06-20 00:00:00,Quantity of ammunition not available.,,,,,
AL,Univ of North AL Police HI_ED,1305009263970,5.56MM,3200,EA,=E32*0.2,G,2017-06-12 00:00:00,Quantity of ammunition not available.,,,,,
AL,Univ of North AL Police HI_ED,1305013865604,12 GAGE,120,EA,=E33*0.59,G,2017-06-12 00:00:00,Quantity of ammunition not available.,,,,,
AL,Univ of North AL Police HI_ED,1305015077511,5.56MM,3200,EA,=E34*0.58,G,2017-06-12 00:00:00,Ammunition no longer available.,,,,,
AL,Univ of North AL Police HI_ED,1305999783163,5.56MM,3200,EA,=E35*0.25,G,2017-06-12 00:00:00,Quantity of ammunition not available.,,,,,
AL,Winston CSO,1305009263970,5.56MM,2000,EA,=E36*0.2,G,2017-06-12 00:00:00,Quantity of ammunition not available.,,,,,
AR,Crawford CSD,1305999783163,5.56MM,6600,EA,=E37*0.25,G,2017-06-14 00:00:00,Quantity of ammunition not available.,,,,,
AR,De Queen Police Dept,1305013865604,12 GAGE,120,EA,=E38*0.59,G,2017-06-12 00:00:00,Quantity of ammunition not available.,,,,,
AR,De Queen Police Dept,1305014847701,12 GAUGE,900,EA,=E39*0.51,G,2017-06-12 00:00:00,Quantity of ammunition not available.,,,,,
AR,Gurdon Police Dept,1305009144719,5.56MM,2000,EA,=E40*0.29,G,2017-06-12 00:00:00,Quantity of ammunition not available.,,,,,
AR,Gurdon Police Dept,1305009263970,5.56MM,2000,EA,=E41*0.2,G,2017-06-12 00:00:00,Quantity of ammunition not available.,,,,,
AR,Gurdon Police Dept,1305011555457,5.56MM,2000,EA,=E42*0.73,G,2017-06-12 00:00:00,Quantity of ammunition not available.,,,,,
AR,Gurdon Police Dept,1305012879659,5.56MM,2000,EA,=E43*0.32,G,2017-06-12 00:00:00,Ammunition no longer available.,,,,,
AR,Gurdon Police Dept,1305015090177,5.56MM,2000,EA,=E44*0.27,G,2017-06-12 00:00:00,Quantity of ammunition not available.,,,,,
AR,Scott CSD,1305008922335,7.62MM,800,EA,=E45*0.85,G,2017-06-20 00:00:00,Agency cancelled their request.,,,,,
AR,Scott CSD,1305009144719,5.56MM,1600,EA,=E46*0.29,G,2017-06-20 00:00:00,Quantity of ammunition not available.,,,,,
AR,Scott CSD,1305009144719,5.56MM,1640,EA,=E47*0.29,G,2017-06-20 00:00:00,Agency cancelled their request.,,,,,
AR,Siloam Springs Police Dept,1305008922335,7.62MM,8000,EA,=E48*0.85,G,2017-06-15 00:00:00,Agency cancelled their request.,,,,,
AR,Siloam Springs Police Dept,1305999783163,5.56MM,8000,EA,=E49*0.25,G,2017-06-15 00:00:00,Quantity of ammunition not available.,,,,,
AR,Tontitown Police Dept,1305003011685,CAL .45,2000,EA,=E50*0.72,G,2017-06-12 00:00:00,Agency cancelled their request.,,,,,
AR,Tontitown Police Dept,1305009144719,5.56MM,2000,EA,=E51*0.29,G,2017-06-12 00:00:00,Quantity of ammunition not available.,,,,,
AR,Tontitown Police Dept,1305009263970,5.56MM,2000,EA,=E52*0.2,G,2017-06-12 00:00:00,Quantity of ammunition not available.,,,,,
AR,Tontitown Police Dept,1305011555457,5.56MM,1640,EA,=E53*0.73,G,2017-06-12 00:00:00,Agency cancelled their request.,,,,,
AR,Tontitown Police Dept,1305013865604,12 GAGE,120,EA,=E54*0.59,G,2017-06-12 00:00:00,Quantity of ammunition not available.,,,,,
AR,Tontitown Police Dept,1305014847701,12 GAUGE,900,EA,=E55*0.51,G,2017-06-12 00:00:00,Quantity of ammunition not available.,,,,,
AR,Tontitown Police Dept,1305999783426,5.56MM,1800,EA,=E56*0.26,G,2017-06-12 00:00:00,Agency cancelled their request.,,,,,
AZ,Coconino CSO,1305003011685,CAL .45,12000,EA,=E57*0.72,G,2017-06-08 00:00:00,Agency cancelled their request.,,,,,
AZ,Fort Mojave Tribal PD,1305008922335,7.62MM,3200,EA,=E58*0.85,G,2017-06-07 00:00:00,Agency cancelled their request.,,,,,
AZ,Fort Mojave Tribal PD,1305009144719,5.56MM,3200,EA,=E59*0.29,G,2017-06-07 00:00:00,Quantity of ammunition not available.,,,,,
AZ,Fort Mojave Tribal PD,1305009263929,5.56MM,3200,EA,=E60*0.35,G,2017-06-07 00:00:00,Quantity of ammunition not available.,,,,,
AZ,Fort Mojave Tribal PD,1305009650832,5.56MM,3200,EA,=E61*0.32,G,2017-06-07 00:00:00,Quantity of ammunition not available.,,,,,
AZ,Fort Mojave Tribal PD,1305011555457,5.56MM,3200,EA,=E62*0.73,G,2017-06-07 00:00:00,Quantity of ammunition not available.,,,,,
AZ,Fort Mojave Tribal PD,1305014673026,5.56MM,1600,EA,=E63*0.4,G,2017-06-07 00:00:00,Agency cancelled their request.,,,,,
AZ,Fort Mojave Tribal PD,1305015335663,5.56MM,3600,EA,=E64*0.4,G,2017-06-07 00:00:00,Agency cancelled their request.,,,,,
AZ,Fort Mojave Tribal PD,1305999783163,5.56MM,1800,EA,=E65*0.25,G,2017-06-07 00:00:00,Agency cancelled their request.,,,,,
AZ,Oro Valley Police Dept,1305009263970,5.56MM,20000,EA,=E66*0.2,G,2017-06-09 00:00:00,Quantity of ammunition not available.,,,,,
AZ,Salt River Police Dept,1305999783426,5.56MM,24300,EA,=E67*0.26,G,2017-06-16 00:00:00,Agency cancelled their request.,,,,,
AZ,Superior Police Dept,1305003011685,CAL .45,4200,EA,=E68*0.72,G,2017-06-08 00:00:00,Quantity of ammunition not available.,,,,,
AZ,Superior Police Dept,1305008922335,7.62MM,4200,EA,=E69*0.85,G,2017-06-08 00:00:00,Quantity of ammunition not available.,,,,,
AZ,Superior Police Dept,1305013865604,12 GAGE,4200,EA,=E70*0.59,G,2017-06-08 00:00:00,Quantity of ammunition not available.,,,,,
AZ,Superior Police Dept,1305015090177,5.56MM,4200,EA,=E71*0.27,G,2017-06-08 00:00:00,Quantity of ammunition not available.,,,,,
CA,Bell Police Dept,1305009263970,5.56MM,5400,EA,=E72*0.2,G,2017-06-09 00:00:00,Quantity of ammunition not available.,,,,,
CA,Bell Police Dept,1305013865604,12 GAGE,120,EA,=E73*0.59,G,2017-06-09 00:00:00,Quantity of ammunition not available.,,,,,
CA,El Camino College PD HI_ED,1305009263970,5.56MM,4000,EA,=E74*0.2,G,2017-06-12 00:00:00,Quantity of ammunition not available.,,,,,
CA,El Camino College PD HI_ED,1305012879659,5.56MM,1000,EA,=E75*0.32,G,2017-06-12 00:00:00,Ammunition no longer available.,,,,,
CA,El Camino College PD HI_ED,1305014847701,12 GAUGE,200,EA,=E76*0.51,G,2017-06-12 00:00:00,Quantity of ammunition not available.,,,,,
CA,Escalon Police Dept,1305003011685,CAL .45,500,EA,=E77*0.72,G,2017-06-09 00:00:00,Quantity of ammunition not available.,,,,,
CA,Escalon Police Dept,1305009263970,5.56MM,4000,EA,=E78*0.2,G,2017-06-09 00:00:00,Quantity of ammunition not available.,,,,,
CA,Escalon Police Dept,1305014847701,12 GAUGE,100,EA,=E79*0.51,G,2017-06-09 00:00:00,Quantity of ammunition not available.,,,,,
CA,Fontana Police Dept,1305009263970,5.56MM,38800,EA,=E80*0.2,G,2017-06-09 00:00:00,Quantity of ammunition not available.,,,,,
CA,Guadalupe Police Dept,1305999783163,5.56MM,3000,EA,=E81*0.25,G,2017-06-21 00:00:00,Quantity of ammunition not available.,,,,,
CA,Hawthorne Police Dept,1305009263970,5.56MM,18000,EA,=E82*0.2,G,2017-06-14 00:00:00,Quantity of ammunition not available.,,,,,
CA,Hawthorne Police Dept,1305013865604,12 GAGE,120,EA,=E83*0.59,G,2017-06-14 00:00:00,Quantity of ammunition not available.,,,,,
CA,Hawthorne Police Dept,1305014847701,12 GAUGE,500,EA,=E84*0.51,G,2017-06-14 00:00:00,Quantity of ammunition not available.,,,,,
CA,Hawthorne Police Dept,1305015090177,5.56MM,5600,EA,=E85*0.27,G,2017-06-14 00:00:00,Quantity of ammunition not available.,,,,,
CA,Mendota Police Dept,1305013865604,12 GAGE,120,EA,=E86*0.59,G,2017-06-07 00:00:00,Quantity of ammunition not available.,,,,,
CA,Mendota Police Dept,1305014847701,12 GAUGE,864,EA,=E87*0.51,G,2017-06-07 00:00:00,Quantity of ammunition not available.,,,,,
CA,Mendota Police Dept,1305014847701,12 GAUGE,900,EA,=E88*0.51,G,2017-06-07 00:00:00,Quantity of ammunition not available.,,,,,
CA,San Luis Obispo Police Dept,1305003011685,CAL .45,12800,EA,=E89*0.72,G,2017-06-14 00:00:00,Quantity of ammunition not available.,,,,,
CA,San Luis Obispo Police Dept,1305009263970,5.56MM,12800,EA,=E90*0.2,G,2017-06-14 00:00:00,Quantity of ammunition not available.,,,,,
CA,Sanger Police Dept,1305009263970,5.56MM,50000,EA,=E91*0.2,G,2017-06-09 00:00:00,Quantity of ammunition not available.,,,,,
CA,Sanger Police Dept,1305013865604,12 GAGE,1000,EA,=E92*0.59,G,2017-06-09 00:00:00,Quantity of ammunition not available.,,,,,
CA,Sanger Police Dept,1305015335663,5.56MM,1000,EA,=E93*0.4,G,2017-06-09 00:00:00,Quantity of ammunition not available.,,,,,
CA,Shasta CSO,1305003011685,CAL .45,40000,EA,=E94*0.72,G,2017-06-22 00:00:00,Quantity of ammunition not available.,,,,,
CA,Shasta CSO,1305009263970,5.56MM,40000,EA,=E95*0.2,G,2017-06-22 00:00:00,Quantity of ammunition not available.,,,,,
CA,South Lake Tahoe Police Dept,1305009263970,5.56MM,6000,EA,=E96*0.2,G,2017-06-12 00:00:00,Quantity of ammunition not available.,,,,,
CA,South Lake Tahoe Police Dept,1305015090177,5.56MM,6000,EA,=E97*0.27,G,2017-06-12 00:00:00,Quantity of ammunition not available.,,,,,
CO,Boulder CSO,1305015077511,5.56MM,11480,EA,=E98*0.58,G,2017-06-07 00:00:00,Ammunition no longer available.,,,,,
CO,Boulder Police Dept,1305009263970,5.56MM,30000,EA,=E99*0.2,G,2017-06-12 00:00:00,Quantity of ammunition not available.,,,,,
CO,Florence Police Dept,1305999783426,5.56MM,2000,EA,=E100*0.26,G,2017-06-07 00:00:00,Quantity of ammunition not available.,,,,,
CO,Greeley Police Dept,1305009263970,5.56MM,15580,EA,=E101*0.2,G,2017-06-12 00:00:00,Quantity of ammunition not available.,,,,,
CO,Greeley Police Dept,1305015077511,5.56MM,11480,EA,=E102*0.58,G,2017-06-12 00:00:00,Ammunition no longer available.,,,,,
CO,Otero CSO,1305003011685,CAL .45,2000,EA,=E103*0.72,G,2017-06-07 00:00:00,Agency cancelled their request.,,,,,
CO,Otero CSO,1305009263970,5.56MM,1640,EA,=E104*0.2,G,2017-06-07 00:00:00,Agency cancelled their request.,,,,,
CO,Otero CSO,1305999783426,5.56MM,1800,EA,=E105*0.26,G,2017-06-07 00:00:00,Quantity of ammunition not available.,,,,,
CO,Trinidad Police Dept,1305003011685,CAL .45,4000,EA,=E106*0.72,G,2017-06-21 00:00:00,Quantity of ammunition not available.,,,,,
CO,Trinidad Police Dept,1305009263970,5.56MM,2034,EA,=E107*0.2,G,2017-06-21 00:00:00,Quantity of ammunition not available.,,,,,
CO,Trinidad Police Dept,1305013865604,12 GAGE,120,EA,=E108*0.59,G,2017-06-21 00:00:00,Quantity of ammunition not available.,,,,,
CO,Trinidad Police Dept,1305014847701,12 GAUGE,900,EA,=E109*0.51,G,2017-06-21 00:00:00,Quantity of ammunition not available.,,,,,
CO,Vail Police Dept,1305009263970,5.56MM,4920,EA,=E110*0.2,G,2017-06-12 00:00:00,Quantity of ammunition not available.,,,,,
DE,Harrington Police Dept,1305009263970,5.56MM,2600,EA,=E111*0.2,G,2017-06-13 00:00:00,Quantity of ammunition not available.,,,,,
DE,Harrington Police Dept,1305013865604,12 GAGE,120,EA,=E112*0.59,G,2017-06-13 00:00:00,Quantity of ammunition not available.,,,,,
DE,Harrington Police Dept,1305014673026,5.56MM,2600,EA,=E113*0.4,G,2017-06-13 00:00:00,Quantity of ammunition not available.,,,,,
DE,Harrington Police Dept,1305014847701,12 GAUGE,360,EA,=E114*0.51,G,2017-06-13 00:00:00,Quantity of ammunition not available.,,,,,
DE,Harrington Police Dept,1305014847701,12 GAUGE,900,EA,=E115*0.51,G,2017-06-13 00:00:00,Quantity of ammunition not available.,,,,,
DE,Laurel Police Dept,1305009263970,5.56MM,36000,EA,=E116*0.2,G,2017-06-13 00:00:00,Quantity of ammunition not available.,,,,,
FL,FL International Univ PD HI_ED,1305009263970,5.56MM,12000,EA,=E117*0.2,G,2017-06-22 00:00:00,Quantity of ammunition not available.,,,,,
FL,Miami Beach Police Dept,1305014673026,5.56MM,3200,EA,=E118*0.4,G,2017-06-13 00:00:00,Quantity of ammunition not available.,,,,,
FL,Miami Beach Police Dept,1305999783163,5.56MM,20000,EA,=E119*0.25,G,2017-06-13 00:00:00,Quantity of ammunition not available.,,,,,
FL,Tequesta Police Dept,1305999783426,5.56MM,3600,EA,=E120*0.26,G,2017-06-19 00:00:00,Agency cancelled their request.,,,,,
GA,GA DNR LAW ENF DIV,1305009263970,5.56MM,42260,EA,=E121*0.2,G,2017-06-08 00:00:00,Quantity of ammunition not available.,,,,,
GA,GA DNR LAW ENF DIV,1305009263970,5.56MM,1180,EA,=E122*0.2,G,2017-06-08 00:00:00,Quantity of ammunition not available.,,,,,
GA,GA DNR LAW ENF DIV,1305015077511,5.56MM,11480,EA,=E123*0.58,G,2017-06-08 00:00:00,Ammunition no longer available.,,,,,
GA,GA DNR LAW ENF DIV,1305015090177,5.56MM,5600,EA,=E124*0.27,G,2017-06-08 00:00:00,Quantity of ammunition not available.,,,,,
GA,GA DPS,1305009263970,5.56MM,42260,EA,=E125*0.2,G,2017-06-08 00:00:00,Quantity of ammunition not available.,,,,,
GA,GA Public Safety Training Center,1305000286157,CAL .30,95,EA,=E126*0.08,G,2017-06-12 00:00:00,Quantity of ammunition not available.,,,,,
GA,GA Public Safety Training Center,1305009263970,5.56MM,13200,EA,=E127*0.2,G,2017-06-12 00:00:00,Quantity of ammunition not available.,,,,,
GA,GA Public Safety Training Center,1305012579659,5.56MM,3420,EA,=E128*0.32,G,2017-06-12 00:00:00,Ammunition no longer available.,,,,,
GA,GA Public Safety Training Center,1305012879659,5.56MM,9780,EA,=E129*0.32,G,2017-06-12 00:00:00,Ammunition no longer available.,,,,,
GA,GA Public Safety Training Center,1305013865604,12 GAGE,120,EA,=E130*0.59,G,2017-06-12 00:00:00,Quantity of ammunition not available.,,,,,
GA,GA Public Safety Training Center,1305014847701,12 GAUGE,360,EA,=E131*0.51,G,2017-06-12 00:00:00,Quantity of ammunition not available.,,,,,
GA,GA Public Safety Training Center,1305014847701,12 GAUGE,864,EA,=E132*0.51,G,2017-06-12 00:00:00,Quantity of ammunition not available.,,,,,
GA,GA Public Safety Training Center,1305014847701,12 GAUGE,900,EA,=E133*0.51,G,2017-06-12 00:00:00,Quantity of ammunition not available.,,,,,
GA,GA Public Safety Training Center,1305015077511,5.56MM,11480,EA,=E134*0.58,G,2017-06-12 00:00:00,Ammunition no longer available.,,,,,
GA,GA Public Safety Training Center,1305015090177,5.56MM,5600,EA,=E135*0.27,G,2017-06-12 00:00:00,Quantity of ammunition not available.,,,,,
IA,Burlington Police Dept,1305011555457,5.56MM,8200,EA,=E136*0.73,G,2017-06-15 00:00:00,Agency cancelled their request.,,,,,
IA,Marion CSO,1305009263970,5.56MM,3280,EA,=E137*0.2,G,2017-06-09 00:00:00,Quantity of ammunition not available.,,,,,
IA,Marion CSO,1305009263970,5.56MM,3280,EA,=E138*0.2,G,2017-06-09 00:00:00,Quantity of ammunition not available.,,,,,
IA,Marion CSO,1305009263970,5.56MM,3280,EA,=E139*0.2,G,2017-06-09 00:00:00,Quantity of ammunition not available.,,,,,
IL,Chicago Heights Park Dist Police Dept,1305003011685,CAL .45,2400,EA,=E140*0.72,G,2017-06-19 00:00:00,Quantity of ammunition not available.,,,,,
IL,Chicago Heights Park Dist Police Dept,1305009263970,5.56MM,2400,EA,=E141*0.2,G,2017-06-19 00:00:00,Quantity of ammunition not available.,,,,,
IL,Chicago Heights Park Dist Police Dept,1305012579659,5.56MM,2400,EA,=E142*0.32,G,2017-06-19 00:00:00,Ammunition no longer available.,,,,,
IL,Chicago Heights Park Dist Police Dept,1305014673026,5.56MM,2400,EA,=E143*0.4,G,2017-06-19 00:00:00,Quantity of ammunition not available.,,,,,
IL,Chicago Heights Park Dist Police Dept,1305014847701,12 GAUGE,864,EA,=E144*0.51,G,2017-06-19 00:00:00,Quantity of ammunition not available.,,,,,
IL,Chicago Heights Park Dist Police Dept,1305014847701,12 GAUGE,900,EA,=E145*0.51,G,2017-06-19 00:00:00,Quantity of ammunition not available.,,,,,
IL,Chicago Heights Park Dist Police Dept,1305999783163,5.56MM,2400,EA,=E146*0.25,G,2017-06-19 00:00:00,Quantity of ammunition not available.,,,,,
IL,Creve Coeur Police Dept,1305003011685,CAL .45,3000,EA,=E147*0.72,G,2017-06-20 00:00:00,Quantity of ammunition not available.,,,,,
IL,Creve Coeur Police Dept,1305009263970,5.56MM,3000,EA,=E148*0.2,G,2017-06-20 00:00:00,Quantity of ammunition not available.,,,,,
IL,Creve Coeur Police Dept,1305012879659,5.56MM,3000,EA,=E149*0.32,G,2017-06-20 00:00:00,Ammunition no longer available.,,,,,
IL,Creve Coeur Police Dept,1305014673026,5.56MM,3000,EA,=E150*0.4,G,2017-06-20 00:00:00,Quantity of ammunition not available.,,,,,
IL,Creve Coeur Police Dept,1305014847701,12 GAUGE,300,EA,=E151*0.51,G,2017-06-20 00:00:00,Quantity of ammunition not available.,,,,,
IL,Dekalb Police Dept,1305003011685,CAL .45,13000,EA,=E152*0.72,G,2017-06-22 00:00:00,Quantity of ammunition not available.,,,,,
IL,Dekalb Police Dept,1305009263970,5.56MM,13000,EA,=E153*0.2,G,2017-06-22 00:00:00,Quantity of ammunition not available.,,,,,
IL,Des Plaines Police Dept,1305003011685,CAL .45,30000,EA,=E154*0.72,G,2017-06-19 00:00:00,Quantity of ammunition not available.,,,,,
IL,Des Plaines Police Dept,1305009263970,5.56MM,30000,EA,=E155*0.2,G,2017-06-19 00:00:00,Quantity of ammunition not available.,,,,,
IL,Des Plaines Police Dept,1305014847701,12 GAUGE,500,EA,=E156*0.51,G,2017-06-19 00:00:00,Quantity of ammunition not available.,,,,,
IL,Des Plaines Police Dept,1305999783163,5.56MM,30000,EA,=E157*0.25,G,2017-06-19 00:00:00,Quantity of ammunition not available.,,,,,
IL,Forest Park Police Dept,1305003011685,CAL .45,9000,EA,=E158*0.72,G,2017-06-23 00:00:00,Quantity of ammunition not available.,,,,,
IL,Millstadt Police Dept,1305003011685,CAL .45,1600,EA,=E159*0.72,G,2017-06-22 00:00:00,Quantity of ammunition not available.,,,,,
IL,Millstadt Police Dept,1305009263970,5.56MM,1600,EA,=E160*0.2,G,2017-06-22 00:00:00,Quantity of ammunition not available.,,,,,
IL,Savanna Police Dept,1305009263970,5.56MM,1800,EA,=E161*0.2,G,2017-06-23 00:00:00,Quantity of ammunition not available.,,,,,
IL,Savanna Police Dept,1305999783426,5.56MM,1800,EA,=E162*0.26,G,2017-06-23 00:00:00,Agency cancelled their request.,,,,,
IL,Springfield Park Dist Police Dept,1305013865604,12 GAGE,2400,EA,=E163*0.59,G,2017-06-21 00:00:00,Quantity of ammunition not available.,,,,,
IL,Springfield Park Dist Police Dept,1305014673026,5.56MM,2400,EA,=E164*0.4,G,2017-06-21 00:00:00,Quantity of ammunition not available.,,,,,
IL,Springfield Park Dist Police Dept,1305014847701,12 GAUGE,900,EA,=E165*0.51,G,2017-06-21 00:00:00,Quantity of ammunition not available.,,,,,
IL,Swansea Police Dept,1305009263970,5.56MM,4200,EA,=E166*0.2,G,2017-06-21 00:00:00,Quantity of ammunition not available.,,,,,
IN,Bedford Police Dept,1305011555457,5.56MM,1000,EA,=E167*0.73,G,2017-06-20 00:00:00,Quantity of ammunition not available.,,,,,
IN,Bedford Police Dept,1305012579659,5.56MM,5000,EA,=E168*0.32,G,2017-06-20 00:00:00,Ammunition no longer available.,,,,,
IN,Bedford Police Dept,1305014847701,12 GAUGE,400,EA,=E169*0.51,G,2017-06-20 00:00:00,Quantity of ammunition not available.,,,,,
IN,Bedford Police Dept,1305999783163,5.56MM,5000,EA,=E170*0.25,G,2017-06-20 00:00:00,Quantity of ammunition not available.,,,,,
IN,Bloomington Police Dept,1305009263970,5.56MM,20000,EA,=E171*0.2,G,2017-06-22 00:00:00,Quantity of ammunition not available.,,,,,
IN,Brazil Police Dept,1305009263970,5.56MM,3280,EA,=E172*0.2,G,2017-06-13 00:00:00,Quantity of ammunition not available.,,,,,
IN,Brazil Police Dept,1305011555457,5.56MM,3280,EA,=E173*0.73,G,2017-06-13 00:00:00,Quantity of ammunition not available.,,,,,
IN,Brown CSO,1305009263970,5.56MM,3280,EA,=E174*0.2,G,2017-06-13 00:00:00,Quantity of ammunition not available.,,,,,
IN,Brown CSO,1305015077511,5.56MM,820,EA,=E175*0.58,G,2017-06-13 00:00:00,Ammunition no longer available.,,,,,
IN,Clark CSO,1305009263970,5.56MM,42260,EA,=E176*0.2,G,2017-06-13 00:00:00,Quantity of ammunition not available.,,,,,
IN,Clark CSO,1305009263970,5.56MM,1000,EA,=E177*0.2,G,2017-06-13 00:00:00,Quantity of ammunition not available.,,,,,
IN,Clinton City Police Dept,1305003011685,CAL .45,1800,EA,=E178*0.72,G,2017-06-13 00:00:00,Quantity of ammunition not available.,,,,,
IN,Clinton City Police Dept,1305009263970,5.56MM,1800,EA,=E179*0.2,G,2017-06-13 00:00:00,Quantity of ammunition not available.,,,,,
IN,Clinton City Police Dept,1305013865604,12 GAGE,120,EA,=E180*0.59,G,2017-06-13 00:00:00,Quantity of ammunition not available.,,,,,
IN,Clinton City Police Dept,1305014847701,12 GAUGE,864,EA,=E181*0.51,G,2017-06-13 00:00:00,Quantity of ammunition not available.,,,,,
IN,Connersville Police Dept,1305009263970,5.56MM,3280,EA,=E182*0.2,G,2017-06-13 00:00:00,Quantity of ammunition not available.,,,,,
IN,Crothersville Police Dept,1305009263970,5.56MM,800,EA,=E183*0.2,G,2017-06-13 00:00:00,Quantity of ammunition not available.,,,,,
IN,Fishers Police Dept,1305003011685,CAL .45,20000,EA,=E184*0.72,G,2017-06-13 00:00:00,Quantity of ammunition not available.,,,,,
IN,Fishers Police Dept,1305008922335,7.62MM,100,EA,=E185*0.85,G,2017-06-13 00:00:00,Quantity of ammunition not available.,,,,,
IN,Fishers Police Dept,1305009263929,5.56MM,1680,EA,=E186*0.35,G,2017-06-13 00:00:00,Agency cancelled their request.,,,,,
IN,Fishers Police Dept,1305009263970,5.56MM,20000,EA,=E187*0.2,G,2017-06-13 00:00:00,Quantity of ammunition not available.,,,,,
IN,Homecroft Police Dept,1305000286157,CAL .30,50,EA,=E188*0.08,G,2017-06-13 00:00:00,Quantity of ammunition not available.,,,,,
IN,Homecroft Police Dept,1305003011685,CAL .45,4000,EA,=E189*0.72,G,2017-06-13 00:00:00,Quantity of ammunition not available.,,,,,
IN,Homecroft Police Dept,1305009263970,5.56MM,4000,EA,=E190*0.2,G,2017-06-13 00:00:00,Quantity of ammunition not available.,,,,,
IN,Homecroft Police Dept,1305009650832,5.56MM,4000,EA,=E191*0.32,G,2017-06-13 00:00:00,Quantity of ammunition not available.,,,,,
IN,Homecroft Police Dept,1305015077511,5.56MM,4000,EA,=E192*0.58,G,2017-06-13 00:00:00,Ammunition no longer available.,,,,,
IN,Homecroft Police Dept,1305999783163,5.56MM,4000,EA,=E193*0.25,G,2017-06-13 00:00:00,Quantity of ammunition not available.,,,,,
IN,Howard CSD,1305009263970,5.56MM,7400,EA,=E194*0.2,G,2017-06-20 00:00:00,Quantity of ammunition not available.,,,,,
IN,Howard CSD,1305013865604,12 GAGE,120,EA,=E195*0.59,G,2017-06-20 00:00:00,Quantity of ammunition not available.,,,,,
IN,Lawrence Police Dept,1305009263970,5.56MM,12400,EA,=E196*0.2,G,2017-06-23 00:00:00,Quantity of ammunition not available.,,,,,
IN,Merrillville Police Dept,1305009263970,5.56MM,10000,EA,=E197*0.2,G,2017-06-13 00:00:00,Quantity of ammunition not available.,,,,,
IN,Mooresville Police Dept,1305003011685,CAL .45,5200,EA,=E198*0.72,G,2017-06-13 00:00:00,Quantity of ammunition not available.,,,,,
IN,Mooresville Police Dept,1305009263970,5.56MM,5200,EA,=E199*0.2,G,2017-06-13 00:00:00,Quantity of ammunition not available.,,,,,
IN,Purdue Univ Police Dept HI_ED,1305003011685,CAL .45,8000,EA,=E200*0.72,G,2017-06-22 00:00:00,Quantity of ammunition not available.,,,,,
IN,Purdue Univ Police Dept HI_ED,1305009144719,5.56MM,8000,EA,=E201*0.29,G,2017-06-22 00:00:00,Quantity of ammunition not available.,,,,,
IN,Purdue Univ Police Dept HI_ED,1305999783163,5.56MM,8000,EA,=E202*0.25,G,2017-06-22 00:00:00,Quantity of ammunition not available.,,,,,
IN,Rome City Marshals Office,1305009263970,5.56MM,1640,EA,=E203*0.2,G,2017-06-13 00:00:00,Quantity of ammunition not available.,,,,,
IN,Rome City Marshals Office,1305014847701,12 GAUGE,1000,EA,=E204*0.51,G,2017-06-13 00:00:00,Quantity of ammunition not available.,,,,,
LA,Bossier City Police Dept,1305009263970,5.56MM,32200,EA,=E205*0.2,G,2017-06-13 00:00:00,Quantity of ammunition not available.,,,,,
MI,Bay CSO,1305009263970,5.56MM,10000,EA,=E206*0.2,G,2017-06-12 00:00:00,Quantity of ammunition not available.,,,,,
MI,Clayton Twp Police Dept,1305999783426,5.56MM,1800,EA,=E207*0.26,G,2017-06-14 00:00:00,Agency cancelled their request.,,,,,
MI,Dewitt Twp Police Dept,1305999783163,5.56MM,3200,EA,=E208*0.25,G,2017-06-13 00:00:00,Quantity of ammunition not available.,,,,,
MI,Escanaba Public Safety,1305009263970,5.56MM,6000,EA,=E209*0.2,G,2017-06-07 00:00:00,Quantity of ammunition not available.,,,,,
MI,Escanaba Public Safety,1305009263970,5.56MM,6000,EA,=E210*0.27,G,2017-06-07 00:00:00,Quantity of ammunition not available.,,,,,
MI,Escanaba Public Safety,1305015077511,5.56MM,6000,EA,=E211*0.58,G,2017-06-07 00:00:00,Ammunition no longer available.,,,,,
MI,Ferndale Police Dept,1305999783163,5.56MM,8200,EA,=E212*0.25,G,2017-06-14 00:00:00,Quantity of ammunition not available.,,,,,
MI,Grand Haven Police Dept,1305009263970,5.56MM,7000,EA,=E213*0.2,G,2017-06-08 00:00:00,Quantity of ammunition not available.,,,,,
MI,Kent CSO,1305999783163,5.56MM,40000,EA,=E214*0.25,G,2017-06-14 00:00:00,Quantity of ammunition not available.,,,,,
MI,Lapeer CSO,1305009263970,5.56MM,18000,EA,=E215*0.2,G,2017-06-14 00:00:00,Quantity of ammunition not available.,,,,,
MI,Muskegon Heights Police Dept,1305013865604,12 GAGE,120,EA,=E216*0.59,G,2017-06-08 00:00:00,Quantity of ammunition not available.,,,,,
MI,Muskegon Heights Police Dept,1305014847701,12 GAUGE,500,EA,=E217*0.51,G,2017-06-08 00:00:00,Quantity of ammunition not available.,,,,,
MI,Plymouth Police Dept,1305009263970,5.56MM,3200,EA,=E218*0.2,G,2017-06-08 00:00:00,Quantity of ammunition not available.,,,,,
MI,Port Huron Police Dept,1305009263970,5.56MM,10400,EA,=E219*0.26,G,2017-06-07 00:00:00,Quantity of ammunition not available.,,,,,
MI,Port Huron Police Dept,1305013865604,12 GAGE,120,EA,=E220*0.59,G,2017-06-07 00:00:00,Quantity of ammunition not available.,,,,,
MI,Port Huron Police Dept,1305014673026,5.56MM,10400,EA,=E221*0.4,G,2017-06-07 00:00:00,Quantity of ammunition not available.,,,,,
MI,Unadilla Township Police Dept,1305013865604,12 GAGE,200,EA,=E222*0.59,G,2017-06-07 00:00:00,Quantity of ammunition not available.,,,,,
MI,Westland Police Dept,1305003011685,CAL .45,16200,EA,=E223*0.72,G,2017-06-23 00:00:00,Quantity of ammunition not available.,,,,,
MI,Westland Police Dept,1305009144719,5.56MM,1640,EA,=E224*0.29,G,2017-06-23 00:00:00,Quantity of ammunition not available.,,,,,
MS,Alcorn CSO,1305009144719,5.56MM,1640,EA,=E225*0.29,G,2017-06-15 00:00:00,Agency cancelled their request.,,,,,
MS,Jones CSD,1305999783163,5.56MM,10800,EA,=E226*0.25,G,2017-06-12 00:00:00,Quantity of ammunition not available.,,,,,
MS,Rankin CSO,1305009263970,5.56MM,18000,EA,=E227*0.2,G,2017-06-12 00:00:00,Quantity of ammunition not available.,,,,,
MS,Rankin CSO,1305013865604,12 GAGE,100,EA,=E228*0.59,G,2017-06-12 00:00:00,Quantity of ammunition not available.,,,,,
MS,Ridgeland Police Dept,1305009144719,5.56MM,14400,EA,=E229*0.29,G,2017-06-12 00:00:00,Quantity of ammunition not available.,,,,,
MS,Ridgeland Police Dept,1305009263970,5.56MM,14400,EA,=E230*0.2,G,2017-06-12 00:00:00,Quantity of ammunition not available.,,,,,
ND,Burleigh CSD,1305007731257,5.56MM,275,EA,=E231*0.21,G,2017-06-08 00:00:00,Quantity of ammunition not available.,,,,,
ND,Burleigh CSD,1305009263970,5.56MM,2034,EA,=E232*0.2,G,2017-06-08 00:00:00,Quantity of ammunition not available.,,,,,
ND,Burleigh CSD,1305009263970,5.56MM,11000,EA,=E233*0.2,G,2017-06-08 00:00:00,Quantity of ammunition not available.,,,,,
ND,Burleigh CSD,1305009263970,5.56MM,80,EA,=E234*0.2,G,2017-06-08 00:00:00,Quantity of ammunition not available.,,,,,
ND,Burleigh CSD,1305009263970,5.56MM,1180,EA,=E235*0.2,G,2017-06-08 00:00:00,Quantity of ammunition not available.,,,,,
ND,Burleigh CSD,1305009263970,5.56MM,1000,EA,=E236*0.2,G,2017-06-08 00:00:00,Quantity of ammunition not available.,,,,,
ND,Burleigh CSD,1305009263970,5.56MM,280,EA,=E237*0.2,G,2017-06-08 00:00:00,Quantity of ammunition not available.,,,,,
ND,ND Atty Gen Bureau of Criminal Inv,1305009263970,5.56MM,10200,EA,=E238*0.2,G,2017-06-08 00:00:00,Quantity of ammunition not available.,,,,,
ND,ND Atty Gen Bureau of Criminal Inv,1305015077511,5.56MM,10200,EA,=E239*0.58,G,2017-06-08 00:00:00,Ammunition no longer available.,,,,,
NE,Dakota CSO,1305009650832,5.56MM,3280,EA,=E240*0.32,G,2017-06-15 00:00:00,Quantity of ammunition not available.,,,,,
NE,Dakota CSO,1305011555457,5.56MM,4100,EA,=E241*0.73,G,2017-06-15 00:00:00,Quantity of ammunition not available.,,,,,
NE,Dakota CSO,1305015335663,5.56MM,3600,EA,=E242*0.4,G,2017-06-15 00:00:00,Quantity of ammunition not available.,,,,,
NE,Dakota CSO,1305999783163,5.56MM,4500,EA,=E243*0.25,G,2017-06-15 00:00:00,Quantity of ammunition not available.,,,,,
NE,Fairbury Police Dept,1305003011685,CAL .45,2000,EA,=E244*0.72,G,2017-06-12 00:00:00,Agency cancelled their request.,,,,,
NE,Fairbury Police Dept,1305009144719,5.56MM,1640,EA,=E245*0.29,G,2017-06-12 00:00:00,Agency cancelled their request.,,,,,
NE,Fairbury Police Dept,1305009263970,5.56MM,4920,EA,=E246*0.2,G,2017-06-12 00:00:00,Quantity of ammunition not available.,,,,,
OK,Bixby Police Dept,1305008922335,7.62MM,1600,EA,=E247*0.85,G,2017-06-08 00:00:00,Agency cancelled their request.,,,,,
OK,Bixby Police Dept,1305009263970,5.56MM,820,EA,=E248*0.2,G,2017-06-08 00:00:00,Agency cancelled their request.,,,,,
OK,Bixby Police Dept,1305013865604,12 GAGE,120,EA,=E249*0.59,G,2017-06-08 00:00:00,Quantity of ammunition not available.,,,,,
OK,Caddo CSO,1305015077511,5.56MM,3200,EA,=E250*0.58,G,2017-06-08 00:00:00,Ammunition no longer available.,,,,,
OK,Mooreland Police Dept,1305003011685,CAL .45,2000,EA,=E251*0.72,G,2017-06-08 00:00:00,Agency cancelled their request.,,,,,
OK,Mooreland Police Dept,1305009263970,5.56MM,1000,EA,=E252*0.2,G,2017-06-08 00:00:00,Quantity of ammunition not available.,,,,,
OK,Pontotoc CSO,1305009263970,5.56MM,6800,EA,=E253*0.2,G,2017-06-08 00:00:00,Quantity of ammunition not available.,,,,,
OK,Pontotoc CSO,1305013865604,12 GAGE,800,EA,=E254*0.59,G,2017-06-08 00:00:00,Quantity of ammunition not available.,,,,,
SC,SC LE TRG Council/Crim Just Academy,1305003011685,CAL .45,424000,EA,=E255*0.72,G,2017-06-06 00:00:00,Quantity of ammunition not available.,,,,,
SC,SC LE TRG Council/Crim Just Academy,1305014847701,12 GAUGE,360,EA,=E256*0.51,G,2017-06-06 00:00:00,Quantity of ammunition not available.,,,,,
SC,SC LE TRG Council/Crim Just Academy,1305014847701,12 GAUGE,864,EA,=E257*0.51,G,2017-06-06 00:00:00,Quantity of ammunition not available.,,,,,
SC,SC LE TRG Council/Crim Just Academy,1305014847701,12 GAUGE,900,EA,=E258*0.51,G,2017-06-06 00:00:00,Quantity of ammunition not available.,,,,,
SD,Beadle CSO,1305009263970,5.56MM,800,EA,=E259*0.2,G,2017-06-07 00:00:00,Quantity of ammunition not available.,,,,,
SD,Beadle CSO,1305011555457,5.56MM,200,EA,=E260*0.73,G,2017-06-07 00:00:00,Quantity of ammunition not available.,,,,,
SD,Brown CSO,1305999783163,5.56MM,3400,EA,=E261*0.25,G,2017-06-16 00:00:00,Quantity of ammunition not available.,,,,,
SD,Dewey CSO,1305003011685,CAL .45,800,EA,=E262*0.72,G,2017-06-12 00:00:00,Quantity of ammunition not available.,,,,,
SD,Dewey CSO,1305009263970,5.56MM,800,EA,=E263*0.2,G,2017-06-12 00:00:00,Quantity of ammunition not available.,,,,,
SD,Dewey CSO,1305014847701,12 GAUGE,800,EA,=E264*0.51,G,2017-06-12 00:00:00,Quantity of ammunition not available.,,,,,
SD,Dewey CSO,1305015077511,5.56MM,800,EA,=E265*0.58,G,2017-06-12 00:00:00,Ammunition no longer available.,,,,,
SD,Spink CSO,1305999783426,5.56MM,1800,EA,=E266*0.26,G,2017-06-12 00:00:00,Agency cancelled their request.,,,,,
TN,Lawrenceburg Police Dept,1305013865604,12 GAGE,120,EA,=E267*0.59,G,2017-06-07 00:00:00,Quantity of ammunition not available.,,,,,
TN,Lawrenceburg Police Dept,1305999783426,5.56MM,7600,EA,=E268*0.26,G,2017-06-07 00:00:00,Quantity of ammunition not available.,,,,,
TN,Putnam CSD,1305009263970,5.56MM,2034,EA,=E269*0.2,G,2017-06-07 00:00:00,Quantity of ammunition not available.,,,,,
TN,Putnam CSD,1305009263970,5.56MM,2350,EA,=E270*0.2,G,2017-06-07 00:00:00,Quantity of ammunition not available.,,,,,
TN,Putnam CSD,1305009263970,5.56MM,8615,EA,=E271*0.2,G,2017-06-07 00:00:00,Quantity of ammunition not available.,,,,,
TN,Putnam CSD,1305014673026,5.56MM,3200,EA,=E272*0.4,G,2017-06-07 00:00:00,Quantity of ammunition not available.,,,,,
TN,Putnam CSD,1305014847701,12 GAUGE,900,EA,=E273*0.51,G,2017-06-07 00:00:00,Quantity of ammunition not available.,,,,,
TN,Putnam CSD,1305015077511,5.56MM,11480,EA,=E274*0.58,G,2017-06-07 00:00:00,Ammunition no longer available.,,,,,
TN,Putnam CSD,1305015090177,5.56MM,5600,EA,=E275*0.27,G,2017-06-07 00:00:00,Quantity of ammunition not available.,,,,,
TN,Putnam CSD,1305999783163,5.56MM,13000,EA,=E276*0.25,G,2017-06-07 00:00:00,Quantity of ammunition not available.,,,,,
TX,Alvin Police Dept,1305009263970,5.56MM,10000,EA,=E277*0.2,G,2017-06-09 00:00:00,Quantity of ammunition not available.,,,,,
TX,Alvin Police Dept,1305015077511,5.56MM,10000,EA,=E278*0.58,G,2017-06-09 00:00:00,Ammunition no longer available.,,,,,
TX,Anderson CSO,1305014847701,12 GAUGE,500,EA,=E279*0.51,G,2017-06-08 00:00:00,Quantity of ammunition not available.,,,,,
TX,Austin CSO,1305009263970,5.56MM,16400,EA,=E280*0.2,G,2017-06-08 00:00:00,Quantity of ammunition not available.,,,,,
TX,Austin CSO,1305009263970,5.56MM,1180,EA,=E281*0.2,G,2017-06-08 00:00:00,Quantity of ammunition not available.,,,,,
TX,Austin CSO,1305015077511,5.56MM,8200,EA,=E282*0.58,G,2017-06-08 00:00:00,Ammunition no longer available.,,,,,
TX,Austin Police Dept,1305009144719,5.56MM,3000,EA,=E283*0.29,G,2017-06-16 00:00:00,Quantity of ammunition not available.,,,,,
TX,Austin Police Dept,1305009144719,5.56MM,3280,EA,=E284*0.29,G,2017-06-16 00:00:00,Agency cancelled their request.,,,,,
TX,Austin Police Dept,1305999783163,5.56MM,48700,EA,=E285*0.25,G,2017-06-16 00:00:00,Quantity of ammunition not available.,,,,,
TX,Bedford Police Det,1305009263970,5.56MM,16600,EA,=E286*0.2,G,2017-06-09 00:00:00,Quantity of ammunition not available.,,,,,
TX,Big Spring Police Dept,1305003011685,CAL .45,2000,EA,=E287*0.72,G,2017-06-08 00:00:00,Agency cancelled their request.,,,,,
TX,Big Spring Police Dept,1305009263970,5.56MM,8000,EA,=E288*0.2,G,2017-06-08 00:00:00,Quantity of ammunition not available.,,,,,
TX,Brazos CSO,1305009263970,5.56MM,10000,EA,=E289*0.2,G,2017-06-08 00:00:00,Quantity of ammunition not available.,,,,,
TX,Brownwood Police Dept,1305012879659,5.56MM,7600,EA,=E290*0.32,G,2017-06-08 00:00:00,Ammunition no longer available.,,,,,
TX,Brownwood Police Dept,1305015077511,5.56MM,7600,EA,=E291*0.58,G,2017-06-08 00:00:00,Ammunition no longer available.,,,,,
TX,Cameron Police Dept,1305009263970,5.56MM,2000,EA,=E292*0.2,G,2017-06-08 00:00:00,Quantity of ammunition not available.,,,,,
TX,Cameron Police Dept,1305014847701,12 GAUGE,500,EA,=E293*0.51,G,2017-06-08 00:00:00,Quantity of ammunition not available.,,,,,
TX,Center Police Dept,1305009263970,5.56MM,2600,EA,=E294*0.2,G,2017-06-12 00:00:00,Quantity of ammunition not available.,,,,,
TX,Cisco College Police Dept HI_ED,1305003011685,CAL .45,200,EA,=E295*0.72,G,2017-06-08 00:00:00,Quantity of ammunition not available.,,,,,
TX,Cisco College Police Dept HI_ED,1305011555457,5.56MM,200,EA,=E296*0.73,G,2017-06-08 00:00:00,Quantity of ammunition not available.,,,,,
TX,Cisco College Police Dept HI_ED,1305014847701,12 GAUGE,144,EA,=E297*0.51,G,2017-06-08 00:00:00,Agency cancelled their request.,,,,,
TX,Cisco College Police Dept HI_ED,1305999783163,5.56MM,200,EA,=E298*0.25,G,2017-06-08 00:00:00,Quantity of ammunition not available.,,,,,
TX,Crawford Police Dept,1305003011685,CAL .45,600,EA,=E299*0.72,G,2017-06-08 00:00:00,Quantity of ammunition not available.,,,,,
TX,Crawford Police Dept,1305011555457,5.56MM,600,EA,=E300*0.73,G,2017-06-08 00:00:00,Quantity of ammunition not available.,,,,,
TX,Crawford Police Dept,1305014847701,12 GAUGE,600,EA,=E301*0.51,G,2017-06-08 00:00:00,Quantity of ammunition not available.,,,,,
TX,Delta CSO,1305009263970,5.56MM,1180,EA,=E302*0.2,G,2017-06-09 00:00:00,Quantity of ammunition not available.,,,,,
TX,Delta CSO,1305013865604,12 GAGE,120,EA,=E303*0.59,G,2017-06-09 00:00:00,Quantity of ammunition not available.,,,,,
TX,Delta CSO,1305014847701,12 GAUGE,500,EA,=E304*0.51,G,2017-06-09 00:00:00,Quantity of ammunition not available.,,,,,
TX,DPS SWAT- Texas Rangers (LEA),1305003011685,CAL .45,6800,EA,=E305*0.72,G,2017-06-14 00:00:00,Quantity of ammunition not available.,,,,,
TX,DPS SWAT- Texas Rangers (LEA),1305008922335,7.62MM,7200,EA,=E306*0.85,G,2017-06-14 00:00:00,Agency cancelled their request.,,,,,
TX,DPS SWAT- Texas Rangers (LEA),1305009263970,5.56MM,32400,EA,=E307*0.2,G,2017-06-14 00:00:00,Quantity of ammunition not available.,,,,,
TX,DPS SWAT- Texas Rangers (LEA),1305009263970,5.56MM,15540,EA,=E308*0.2,G,2017-06-14 00:00:00,Quantity of ammunition not available.,,,,,
TX,DPS SWAT- Texas Rangers (LEA),1305009263970,5.56MM,8615,EA,=E309*0.2,G,2017-06-14 00:00:00,Quantity of ammunition not available.,,,,,
TX,DPS SWAT- Texas Rangers (LEA),1305014673026,5.56MM,3200,EA,=E310*0.4,G,2017-06-14 00:00:00,Agency cancelled their request.,,,,,
TX,Early Police Dept,1305009263970,5.56MM,1600,EA,=E311*0.2,G,2017-06-09 00:00:00,Quantity of ammunition not available.,,,,,
TX,Early Police Dept,1305013865604,12 GAGE,120,EA,=E312*0.59,G,2017-06-09 00:00:00,Quantity of ammunition not available.,,,,,
TX,Early Police Dept,1305014847701,12 GAUGE,200,EA,=E313*0.51,G,2017-06-09 00:00:00,Quantity of ammunition not available.,,,,,
TX,East Tawakoni Police Dept,1305003011685,CAL .45,1000,EA,=E314*0.72,G,2017-06-09 00:00:00,Quantity of ammunition not available.,,,,,
TX,Fort Bend CSO,1305009263970,5.56MM,16400,EA,=E315*0.2,G,2017-06-13 00:00:00,Quantity of ammunition not available.,,,,,
TX,Fort Bend CSO,1305009263970,5.56MM,13120,EA,=E316*0.2,G,2017-06-13 00:00:00,Quantity of ammunition not available.,,,,,
TX,Fort Bend CSO,1305999783163,5.56MM,8100,EA,=E317*0.25,G,2017-06-13 00:00:00,Quantity of ammunition not available.,,,,,
TX,Grand Saline Police Dept,1305003011685,CAL .45,2400,EA,=E318*0.72,G,2017-06-13 00:00:00,Quantity of ammunition not available.,,,,,
TX,Grand Saline Police Dept,1305014847701,12 GAUGE,900,EA,=E319*0.51,G,2017-06-13 00:00:00,Quantity of ammunition not available.,,,,,
TX,Grandview Police Dept,1305009263970,5.56MM,1600,EA,=E320*0.2,G,2017-06-13 00:00:00,Quantity of ammunition not available.,,,,,
TX,Grandview Police Dept,1305014847701,12 GAUGE,200,EA,=E321*0.51,G,2017-06-13 00:00:00,Quantity of ammunition not available.,,,,,
TX,Gray CSO,1305014847701,12 GAUGE,900,EA,=E322*0.51,G,2017-06-08 00:00:00,Quantity of ammunition not available.,,,,,
TX,Hays County Constable Precinct 4,1305003011685,CAL .45,800,EA,=E323*0.72,G,2017-06-16 00:00:00,Quantity of ammunition not available.,,,,,
TX,Hays County Constable Precinct 4,1305009263970,5.56MM,800,EA,=E324*0.2,G,2017-06-16 00:00:00,Quantity of ammunition not available.,,,,,
TX,Hays County Constable Precinct 4,1305014847701,12 GAUGE,100,EA,=E325*0.51,G,2017-06-16 00:00:00,Quantity of ammunition not available.,,,,,
TX,Hays County Constable Precinct 5,1305003011685,CAL .45,600,EA,=E326*0.72,G,2017-06-08 00:00:00,Quantity of ammunition not available.,,,,,
TX,Hays County Constable Precinct 5,1305013865604,12 GAGE,120,EA,=E327*0.59,G,2017-06-08 00:00:00,Quantity of ammunition not available.,,,,,
TX,Hays CSO,1305003011685,CAL .45,10000,EA,=E328*0.72,G,2017-06-16 00:00:00,Quantity of ammunition not available.,,,,,
TX,Hays CSO,1305009263970,5.56MM,20000,EA,=E329*0.2,G,2017-06-16 00:00:00,Quantity of ammunition not available.,,,,,
TX,Hays CSO,1305009263970,5.56MM,1000,EA,=E330*0.2,G,2017-06-16 00:00:00,Quantity of ammunition not available.,,,,,
TX,Hays CSO,1305015090177,5.56MM,5600,EA,=E331*0.27,G,2017-06-16 00:00:00,Quantity of ammunition not available.,,,,,
TX,Hillsboro Police Dept,1305009144719,5.56MM,1000,EA,=E332*0.29,G,2017-06-12 00:00:00,Quantity of ammunition not available.,,,,,
TX,Hillsboro Police Dept,1305009263970,5.56MM,4000,EA,=E333*0.2,G,2017-06-12 00:00:00,Quantity of ammunition not available.,,,,,
TX,Horseshoe Bay Police Dept,1305009263970,5.56MM,3280,EA,=E334*0.2,G,2017-06-20 00:00:00,Quantity of ammunition not available.,,,,,
TX,Horseshoe Bay Police Dept,1305015090177,5.56MM,3280,EA,=E335*0.27,G,2017-06-20 00:00:00,Quantity of ammunition not available.,,,,,
TX,Indian Lake Police Dept,1305003011685,CAL .45,750,EA,=E336*0.72,G,2017-06-09 00:00:00,Quantity of ammunition not available.,,,,,
TX,Indian Lake Police Dept,1305009283929,5.56MM,750,EA,=E337*0.35,G,2017-06-09 00:00:00,Quantity of ammunition not available.,,,,,
TX,Indian Lake Police Dept,1305014847701,12 GAUGE,750,EA,=E338*0.51,G,2017-06-09 00:00:00,Quantity of ammunition not available.,,,,,
TX,Jefferson CSO,1305999783426,5.56MM,19800,EA,=E339*0.26,G,2017-06-08 00:00:00,Agency cancelled their request.,,,,,
TX,La Porte Police Dept,1305003011685,CAL .45,15000,EA,=E340*0.72,G,2017-06-15 00:00:00,Quantity of ammunition not available.,,,,,
TX,La Porte Police Dept,1305009263970,5.56MM,15000,EA,=E341*0.2,G,2017-06-15 00:00:00,Quantity of ammunition not available.,,,,,
TX,Lake Jackson Police Dept,1305009263970,5.56MM,9800,EA,=E342*0.2,G,2017-06-14 00:00:00,Quantity of ammunition not available.,,,,,
TX,Lufkin Police Dept,1305009263970,5.56MM,400,EA,=E343*0.2,G,2017-06-09 00:00:00,Quantity of ammunition not available.,,,,,
TX,Lufkin Police Dept,1305009263970,5.56MM,5000,EA,=E344*0.2,G,2017-06-09 00:00:00,Quantity of ammunition not available.,,,,,
TX,Lufkin Police Dept,1305009263970,5.56MM,5000,EA,=E345*0.2,G,2017-06-09 00:00:00,Quantity of ammunition not available.,,,,,
TX,Lufkin Police Dept,1305009263970,5.56MM,1640,EA,=E346*0.2,G,2017-06-09 00:00:00,Agency cancelled their request.,,,,,
TX,Martin CSO,1305009263970,5.56MM,1400,EA,=E347*0.2,G,2017-06-12 00:00:00,Quantity of ammunition not available.,,,,,
TX,Martin CSO,1305014847701,12 GAUGE,900,EA,=E348*0.51,G,2017-06-12 00:00:00,Quantity of ammunition not available.,,,,,
TX,Midlothian Police Det,1305014673026,5.56MM,3200,EA,=E349*0.4,G,2017-06-09 00:00:00,Quantity of ammunition not available.,,,,,
TX,Morris CSO,1305003011685,CAL .45,2000,EA,=E350*0.72,G,2017-06-09 00:00:00,Agency cancelled their request.,,,,,
TX,Morris CSO,1305009263970,5.56MM,1180,EA,=E351*0.2,G,2017-06-09 00:00:00,Quantity of ammunition not available.,,,,,
TX,Morris CSO,1305011555457,5.56MM,1640,EA,=E352*0.73,G,2017-06-09 00:00:00,Agency cancelled their request.,,,,,
TX,Morris CSO,1305014847701,12 GAUGE,900,EA,=E353*0.51,G,2017-06-09 00:00:00,Quantity of ammunition not available.,,,,,
TX,Morris CSO,1305015077511,5.56MM,2000,EA,=E354*0.58,G,2017-06-09 00:00:00,Ammunition no longer available.,,,,,
TX,Mount Pleasant Police Dept,1305014847701,12 GAUGE,400,EA,=E355*0.51,G,2017-06-08 00:00:00,Quantity of ammunition not available.,,,,,
TX,Pflugerville Police Dept,1305014847701,12 GAUGE,900,EA,=E356*0.51,G,2017-06-09 00:00:00,Quantity of ammunition not available.,,,,,
TX,Pflugerville Police Dept,1305015077511,5.56MM,11480,EA,=E357*0.58,G,2017-06-09 00:00:00,Ammunition no longer available.,,,,,
TX,Poteet Police Dept,1305009263970,5.56MM,2200,EA,=E358*0.2,G,2017-06-19 00:00:00,Quantity of ammunition not available.,,,,,
TX,Poteet Police Dept,1305013865604,12 GAGE,30,EA,=E359*0.59,G,2017-06-19 00:00:00,Quantity of ammunition not available.,,,,,
TX,Poteet Police Dept,1305014847701,12 GAUGE,100,EA,=E360*0.51,G,2017-06-19 00:00:00,Quantity of ammunition not available.,,,,,
TX,Prosper Police Dept,1305003011685,CAL .45,4000,EA,=E361*0.72,G,2017-06-16 00:00:00,Quantity of ammunition not available.,,,,,
TX,Prosper Police Dept,1305009263970,5.56MM,4000,EA,=E362*0.2,G,2017-06-16 00:00:00,Quantity of ammunition not available.,,,,,
TX,Quitman Police Dept,1305009144719,5.56MM,1400,EA,=E363*0.29,G,2017-06-14 00:00:00,Quantity of ammunition not available.,,,,,
TX,Ralls Police Dept,1305003011685,CAL .45,600,EA,=E364*0.72,G,2017-06-08 00:00:00,Quantity of ammunition not available.,,,,,
TX,Ralls Police Dept,1305999783426,5.56MM,900,EA,=E365*0.26,G,2017-06-08 00:00:00,Agency cancelled their request.,,,,,
TX,Rusk CSO,1305014673026,5.56MM,8000,EA,=E366*0.4,G,2017-06-16 00:00:00,Quantity of ammunition not available.,,,,,
TX,San Augustine CSO,1305012879659,5.56MM,500,EA,=E367*0.32,G,2017-06-08 00:00:00,Ammunition no longer available.,,,,,
TX,San Augustine CSO,1305014847701,12 GAUGE,500,EA,=E368*0.51,G,2017-06-08 00:00:00,Quantity of ammunition not available.,,,,,
TX,San Augustine CSO,1305015335663,5.56MM,500,EA,=E369*0.4,G,2017-06-08 00:00:00,Quantity of ammunition not available.,,,,,
TX,San Jacinto CSO,1305003011685,CAL .45,6600,EA,=E370*0.72,G,2017-06-14 00:00:00,Quantity of ammunition not available.,,,,,
TX,San Jacinto CSO,1305014847701,12 GAUGE,200,EA,=E371*0.51,G,2017-06-14 00:00:00,Quantity of ammunition not available.,,,,,
TX,San Jacinto CSO,1305999783426,5.56MM,6300,EA,=E372*0.26,G,2017-06-14 00:00:00,Agency cancelled their request.,,,,,
TX,Seguin Police Dept,1305009263970,5.56MM,11600,EA,=E373*0.2,G,2017-06-21 00:00:00,Quantity of ammunition not available.,,,,,
TX,Sherman CSO,1305014673026,5.56MM,1000,EA,=E374*0.4,G,2017-06-15 00:00:00,Quantity of ammunition not available.,,,,,
TX,Sherman CSO,1305014673026,5.56MM,1000,EA,=E375*0.4,G,2017-06-15 00:00:00,Quantity of ammunition not available.,,,,,
TX,Sherman CSO,1305999783163,5.56MM,1000,EA,=E376*0.25,G,2017-06-15 00:00:00,Quantity of ammunition not available.,,,,,
TX,Sherman CSO,1305999783426,5.56MM,900,EA,=E377*0.26,G,2017-06-15 00:00:00,Agency cancelled their request.,,,,,
TX,Swisher CSO,1305014847701,12 GAUGE,900,EA,=E378*0.51,G,2017-06-08 00:00:00,Quantity of ammunition not available.,,,,,
TX,TX Dept of Crim Justice OIG (LEA),1305003011685,CAL .45,30000,EA,=E379*0.72,G,2017-06-08 00:00:00,Agency cancelled their request.,,,,,
TX,TX Dept of Crim Justice OIG (LEA),1305999783426,5.56MM,29700,EA,=E380*0.26,G,2017-06-08 00:00:00,Agency cancelled their request.,,,,,
TX,TX State Tech College Waco PD HI_ED,1305012879659,5.56MM,200,EA,=E381*0.32,G,2017-06-08 00:00:00,Ammunition no longer available.,,,,,
TX,TX State Tech College Waco PD HI_ED,1305014847701,12 GAUGE,800,EA,=E382*0.51,G,2017-06-08 00:00:00,Quantity of ammunition not available.,,,,,
TX,TX State Tech College Waco PD HI_ED,1305014847701,12 GAUGE,900,EA,=E383*0.51,G,2017-06-08 00:00:00,Quantity of ammunition not available.,,,,,
TX,TX State Tech College Waco PD HI_ED,1305014847701,12 GAUGE,120,EA,=E384*0.51,G,2017-06-08 00:00:00,Agency cancelled their request.,,,,,
TX,TX State Tech College Waco PD HI_ED,1305015077511,5.56MM,2200,EA,=E385*0.58,G,2017-06-08 00:00:00,Ammunition no longer available.,,,,,
TX,Weslaco Police Dept,1305009263970,5.56MM,3280,EA,=E386*0.2,G,2017-06-15 00:00:00,Quantity of ammunition not available.,,,,,
TX,Westover Hills Police Dept,1305009144719,5.56MM,2000,EA,=E387*0.29,G,2017-06-09 00:00:00,Quantity of ammunition not available.,,,,,
TX,Westover Hills Police Dept,1305009263970,5.56MM,2000,EA,=E388*0.2,G,2017-06-09 00:00:00,Quantity of ammunition not available.,,,,,
TX,Wichita CSO,1305003011685,CAL .45,4000,EA,=E389*0.72,G,2017-06-12 00:00:00,Agency cancelled their request.,,,,,
TX,Wichita CSO,1305009144719,5.56MM,5000,EA,=E390*0.29,G,2017-06-12 00:00:00,Quantity of ammunition not available.,,,,,
TX,Wichita CSO,1305011555457,5.56MM,4920,EA,=E391*0.73,G,2017-06-12 00:00:00,Agency cancelled their request.,,,,,
TX,Wichita CSO,1305012879659,5.56MM,2000,EA,=E392*0.32,G,2017-06-12 00:00:00,Ammunition no longer available.,,,,,
TX,Wichita CSO,1305013865604,12 GAGE,50,EA,=E393*0.59,G,2017-06-12 00:00:00,Quantity of ammunition not available.,,,,,
TX,Wichita CSO,1305014673026,5.56MM,4800,EA,=E394*0.4,G,2017-06-12 00:00:00,Agency cancelled their request.,,,,,
TX,Wichita CSO,1305014847701,12 GAUGE,100,EA,=E395*0.51,G,2017-06-12 00:00:00,Quantity of ammunition not available.,,,,,
TX,Wichita CSO,1305015335663,5.56MM,5000,EA,=E396*0.4,G,2017-06-12 00:00:00,Quantity of ammunition not available.,,,,,
TX,Wichita CSO,1305999783163,5.56MM,2700,EA,=E397*0.25,G,2017-06-12 00:00:00,Agency cancelled their request.,,,,,
TX,Wichita CSO,1305999783426,5.56MM,4500,EA,=E398*0.26,G,2017-06-12 00:00:00,Agency cancelled their request.,,,,,
TX,Wolfforth Police Dept,1305013865604,12 GAGE,120,EA,=E399*0.59,G,2017-06-08 00:00:00,Quantity of ammunition not available.,,,,,
TX,Wolfforth Police Dept,1305015077511,5.56MM,2200,EA,=E400*0.58,G,2017-06-08 00:00:00,Ammunition no longer available.,,,,,
TX,Woodville Police Dept,1305003011685,CAL .45,2000,EA,=E401*0.72,G,2017-06-12 00:00:00,Agency cancelled their request.,,,,,
TX,Woodville Police Dept,1305008922335,7.62MM,800,EA,=E402*0.85,G,2017-06-12 00:00:00,Agency cancelled their request.,,,,,
TX,Woodville Police Dept,1305009144719,5.56MM,1640,EA,=E403*0.29,G,2017-06-12 00:00:00,Quantity of ammunition not available.,,,,,
TX,Woodville Police Dept,1305011555457,5.56MM,1640,EA,=E404*0.73,G,2017-06-12 00:00:00,Agency cancelled their request.,,,,,
TX,Woodville Police Dept,1305014847701,12 GAUGE,500,EA,=E405*0.51,G,2017-06-12 00:00:00,Quantity of ammunition not available.,,,,,
TX,Woodville Police Dept,1305999783163,5.56MM,900,EA,=E406*0.25,G,2017-06-12 00:00:00,Agency cancelled their request.,,,,,
TX,Woodville Police Dept,1305999783426,5.56MM,900,EA,=E407*0.26,G,2017-06-12 00:00:00,Agency cancelled their request.,,,,,
UT,Ogden Police Dept,1305009263970,5.56MM,3600,EA,=E408*0.2,G,2017-06-23 00:00:00,Quantity of ammunition not available.,,,,,
UT,Price City Police Dept,1305015090177,5.56MM,3400,EA,=E409*0.27,G,2017-06-23 00:00:00,Quantity of ammunition not available.,,,,,
UT,Provo City Police Dept,1305009263970,5.56MM,21000,EA,=E410*0.2,G,2017-06-23 00:00:00,Quantity of ammunition not available.,,,,,
UT,Rich CSO,1305009263970,5.56MM,3000,EA,=E411*0.2,G,2017-06-23 00:00:00,Quantity of ammunition not available.,,,,,
UT,Salt Lake City Police Dept,1305009263970,5.56MM,90000,EA,=E412*0.2,G,2017-06-23 00:00:00,Quantity of ammunition not available.,,,,,
UT,Summit CSO,1305003011685,CAL .45,11800,EA,=E413*0.72,G,2017-06-23 00:00:00,Quantity of ammunition not available.,,,,,
UT,Summit CSO,1305009263970,5.56MM,11800,EA,=E414*0.2,G,2017-06-23 00:00:00,Quantity of ammunition not available.,,,,,
UT,Tooele CSO,1305009263970,5.56MM,10000,EA,=E415*0.2,G,2017-06-23 00:00:00,Quantity of ammunition not available.,,,,,
UT,Unified Police Dept,1305009263970,5.56MM,82000,EA,=E416*0.2,G,2017-06-23 00:00:00,Quantity of ammunition not available.,,,,,
UT,UT Div of Wildlife Resources LEA,1305007731257,5.56MM,275,EA,=E417*0.21,G,2017-06-23 00:00:00,Quantity of ammunition not available.,,,,,
WA,Aberdeen Police Dept,1305009263970,5.56MM,7600,EA,=E418*0.2,G,2017-06-09 00:00:00,Quantity of ammunition not available.,,,,,
WA,Issaquah Police Dept,1305009263970,5.56MM,8200,EA,=E419*0.2,G,2017-06-09 00:00:00,Quantity of ammunition not available.,,,,,
WA,Port Orchard Police Dept,1305009263970,5.56MM,2400,EA,=E420*0.2,G,2017-06-09 00:00:00,Quantity of ammunition not available.,,,,,
WA,Poulsbo Police Dept,1305009263970,5.56MM,4600,EA,=E421*0.2,G,2017-06-12 00:00:00,Quantity of ammunition not available.,,,,,
WA,Spokane CSO,1305009263970,5.56MM,46000,EA,=E422*0.2,G,2017-06-09 00:00:00,Quantity of ammunition not available.,,,,,
WA,Union Gap Police Dept,1305009263970,5.56MM,3280,EA,=E423*0.2,G,2017-06-09 00:00:00,Quantity of ammunition not available.,,,,,
WA,Union Gap Police Dept,1305015077511,5.56MM,3280,EA,=E424*0.58,G,2017-06-09 00:00:00,Ammunition no longer available.,,,,,
WI,Chippewa CSO,1305009263970,5.56MM,5000,EA,=E425*0.2,G,2017-06-12 00:00:00,Quantity of ammunition not available.,,,,,
WI,Chippewa CSO,1305015090177,5.56MM,1000,EA,=E426*0.27,G,2017-06-12 00:00:00,Quantity of ammunition not available.,,,,,
WI,Clear Lake Police Dept,1305003011685,CAL .45,2000,EA,=E427*0.72,G,2017-06-12 00:00:00,Quantity of ammunition not available.,,,,,
WI,Clear Lake Police Dept,1305009263970,5.56MM,3000,EA,=E428*0.2,G,2017-06-12 00:00:00,Quantity of ammunition not available.,,,,,
WI,Clear Lake Police Dept,1305011555457,5.56MM,500,EA,=E429*0.73,G,2017-06-12 00:00:00,Quantity of ammunition not available.,,,,,
WI,Clear Lake Police Dept,1305014847701,12 GAUGE,500,EA,=E430*0.51,G,2017-06-12 00:00:00,Quantity of ammunition not available.,,,,,
WI,Eau Claire CSO,1305009263970,5.56MM,9800,EA,=E431*0.2,G,2017-06-12 00:00:00,Quantity of ammunition not available.,,,,,
WI,Greenfield Police Dept,1305009263970,5.56MM,11400,EA,=E432*0.2,G,2017-06-12 00:00:00,Quantity of ammunition not available.,,,,,
WI,Monroe CSO,1305999783163,5.56MM,4600,EA,=E433*0.25,G,2017-06-19 00:00:00,Quantity of ammunition not available.,,,,,
WI,Mukwonago Police Dept,1305009263929,5.56MM,2600,EA,=E434*0.35,G,2017-06-14 00:00:00,Quantity of ammunition not available.,,,,,
WI,Mukwonago Police Dept,1305009650832,5.56MM,2600,EA,=E435*0.32,G,2017-06-14 00:00:00,Quantity of ammunition not available.,,,,,
WI,Mukwonago Police Dept,1305011555457,5.56MM,2600,EA,=E436*0.73,G,2017-06-14 00:00:00,Quantity of ammunition not available.,,,,,
WI,Mukwonago Police Dept,1305014673026,5.56MM,2600,EA,=E437*0.4,G,2017-06-14 00:00:00,Quantity of ammunition not available.,,,,,
WI,Mukwonago Police Dept,1305999783163,5.56MM,2600,EA,=E438*0.25,G,2017-06-14 00:00:00,Quantity of ammunition not available.,,,,,
WI,Portage CSO,1305009263970,5.56MM,9600,EA,=E439*0.2,G,2017-06-12 00:00:00,Quantity of ammunition not available.,,,,,
WI,St. Croix CSO,1305009263970,5.56MM,3000,EA,=E440*0.2,G,2017-06-12 00:00:00,Quantity of ammunition not available.,,,,,
WI,Superior Police Dept,1305009263970,5.56MM,12000,EA,=E441*0.2,G,2017-06-12 00:00:00,Quantity of ammunition not available.,,,,,
WI,Superior Police Dept,1305014847701,12 GAUGE,300,EA,=E442*0.51,G,2017-06-12 00:00:00,Quantity of ammunition not available.,,,,,
WI,Unvi of WI Platteville PD HI_ED,1305009263970,5.56MM,1600,EA,=E443*0.2,G,2017-06-12 00:00:00,Quantity of ammunition not available.,,,,,
WI,Unvi of WI Platteville PD HI_ED,1305009263970,5.56MM,1600,EA,=E444*0.2,G,2017-06-12 00:00:00,Quantity of ammunition not available.,,,,,
WI,Unvi of WI Platteville PD HI_ED,1305009263970,5.56MM,1600,EA,=E445*0.2,G,2017-06-12 00:00:00,Quantity of ammunition not available.,,,,,
WI,Unvi of WI Platteville PD HI_ED,1305009263970,5.56MM,1166,EA,=E446*0.2,G,2017-06-12 00:00:00,Quantity of ammunition not available.,,,,,
WI,Unvi of WI Platteville PD HI_ED,1305009263970,5.56MM,1640,EA,=E447*0.2,G,2017-06-12 00:00:00,Agency cancelled their request.,,,,,
WI,Unvi of WI Platteville PD HI_ED,1305013865604,12 GAGE,120,EA,=E448*0.59,G,2017-06-12 00:00:00,Quantity of ammunition not available.,,,,,
WI,Washburn CSO,1305009263970,5.56MM,3600,EA,=E449*0.2,G,2017-06-12 00:00:00,Quantity of ammunition not available.,,,,,
WI,Waukesha Police Dept,1305009263970,5.56MM,50,EA,=E450*0.2,G,2017-06-12 00:00:00,Quantity of ammunition not available.,,,,,
WI,Waukesha Police Dept,1305009263970,5.56MM,2034,EA,=E451*0.2,G,2017-06-12 00:00:00,Quantity of ammunition not available.,,,,,
WI,Waukesha Police Dept,1305009263970,5.56MM,23800,EA,=E452*0.2,G,2017-06-12 00:00:00,Quantity of ammunition not available.,,,,,
WI,Waukesha Police Dept,1305009263970,5.56MM,15580,EA,=E453*0.2,G,2017-06-12 00:00:00,Quantity of ammunition not available.,,,,,
WI,Waukesha Police Dept,1305009263970,5.56MM,8615,EA,=E454*0.2,G,2017-06-12 00:00:00,Quantity of ammunition not available.,,,,,
WI,Waukesha Police Dept,1305009263970,5.56MM,80,EA,=E455*0.2,G,2017-06-12 00:00:00,Quantity of ammunition not available.,,,,,
WI,Waukesha Police Dept,1305009263970,5.56MM,1180,EA,=E456*0.2,G,2017-06-12 00:00:00,Quantity of ammunition not available.,,,,,
WI,Waukesha Police Dept,1305009263970,5.56MM,1000,EA,=E457*0.2,G,2017-06-12 00:00:00,Quantity of ammunition not available.,,,,,
WI,Waukesha Police Dept,1305014673026,5.56MM,3200,EA,=E458*0.4,G,2017-06-12 00:00:00,Quantity of ammunition not available.,,,,,
WI,Waukesha Police Dept,1305015077511,5.56MM,11480,EA,=E459*0.58,G,2017-06-12 00:00:00,Ammunition no longer available.,,,,,
WI,Waukesha Police Dept,1305999783163,5.56MM,23800,EA,=E460*0.25,G,2017-06-12 00:00:00,Quantity of ammunition not available.,,,,,
WV,Barboursville Police Dept,1305003011685,CAL .45,4400,EA,=E461*0.72,G,2017-06-15 00:00:00,Quantity of ammunition not available.,,,,,
WV,Barboursville Police Dept,1305009263970,5.56MM,4400,EA,=E462*0.2,G,2017-06-15 00:00:00,Quantity of ammunition not available.,,,,,
WV,Elkins Police Dept,1305003011685,CAL .45,2200,EA,=E463*0.72,G,2017-06-15 00:00:00,Quantity of ammunition not available.,,,,,
WV,Elkins Police Dept,1305009263970,5.56MM,2200,EA,=E464*0.2,G,2017-06-15 00:00:00,Quantity of ammunition not available.,,,,,
WV,Elkins Police Dept,1305014673026,5.56MM,2200,EA,=E465*0.4,G,2017-06-15 00:00:00,Quantity of ammunition not available.,,,,,
WV,Elkins Police Dept,1305014847701,12 GAUGE,360,EA,=E466*0.51,G,2017-06-15 00:00:00,Quantity of ammunition not available.,,,,,
WV,Elkins Police Dept,1305014847701,12 GAUGE,864,EA,=E467*0.51,G,2017-06-15 00:00:00,Quantity of ammunition not available.,,,,,
WV,Elkins Police Dept,1305015090177,5.56MM,2200,EA,=E468*0.27,G,2017-06-15 00:00:00,Quantity of ammunition not available.,,,,,
WV,Elkins Police Dept,1305999783163,5.56MM,2200,EA,=E469*0.25,G,2017-06-15 00:00:00,Quantity of ammunition not available.,,,,,
WV,Keyser Police Dept,1305003011685,CAL .45,2200,EA,=E470*0.72,G,2017-06-15 00:00:00,Quantity of ammunition not available.,,,,,
WV,Keyser Police Dept,1305009263970,5.56MM,2200,EA,=E471*0.2,G,2017-06-15 00:00:00,Quantity of ammunition not available.,,,,,
WV,McDowell CSO,1305003011685,CAL .45,2000,EA,=E472*0.72,G,2017-06-15 00:00:00,Quantity of ammunition not available.,,,,,
WV,McDowell CSO,1305009263970,5.56MM,2460,EA,=E473*0.2,G,2017-06-15 00:00:00,Quantity of ammunition not available.,,,,,
WV,McDowell CSO,1305015077511,5.56MM,2460,EA,=E474*0.58,G,2017-06-15 00:00:00,Ammunition no longer available.,,,,,
WV,McDowell CSO,1305999783426,5.56MM,2700,EA,=E475*0.26,G,2017-06-15 00:00:00,Agency cancelled their request.,,,,,
WV,Morgan CSD,1305009144719,5.56MM,200,EA,=E476*0.29,G,2017-06-15 00:00:00,Quantity of ammunition not available.,,,,,
WV,Morgan CSD,1305009263970,5.56MM,2200,EA,=E477*0.2,G,2017-06-15 00:00:00,Quantity of ammunition not available.,,,,,
WV,Morgan CSD,1305014847701,12 GAUGE,55,EA,=E478*0.51,G,2017-06-15 00:00:00,Quantity of ammunition not available.,,,,,
WV,Saint Marys Police Dept,1305003011685,CAL .45,2000,EA,=E479*0.72,G,2017-06-15 00:00:00,Quantity of ammunition not available.,,,,,
WV,Saint Marys Police Dept,1305009263970,5.56MM,2000,EA,=E480*0.2,G,2017-06-15 00:00:00,Quantity of ammunition not available.,,,,,
WV,Saint Marys Police Dept,1305013865604,12 GAGE,120,EA,=E481*0.59,G,2017-06-15 00:00:00,Quantity of ammunition not available.,,,,,
WV,Saint Marys Police Dept,1305014847701,12 GAUGE,900,EA,=E482*0.51,G,2017-06-15 00:00:00,Quantity of ammunition not available.,,,,,
WV,Wood CSO,1305003011685,CAL .45,13800,EA,=E483*0.72,G,2017-06-23 00:00:00,Quantity of ammunition not available.,,,,,
WV,Wood CSO,1305009263929,5.56MM,13800,EA,=E484*0.35,G,2017-06-23 00:00:00,Quantity of ammunition not available.,,,,,
WV,Wood CSO,1305009263970,5.56MM,13800,EA,=E485*0.2,G,2017-06-23 00:00:00,Quantity of ammunition not available.,,,,,
WV,Wood CSO,1305009650832,5.56MM,7200,EA,=E486*0.32,G,2017-06-23 00:00:00,Quantity of ammunition not available.,,,,,
WV,Wood CSO,1305011555457,5.56MM,13800,EA,=E487*0.73,G,2017-06-23 00:00:00,Quantity of ammunition not available.,,,,,
WV,Wood CSO,1305013865604,12 GAGE,120,EA,=E488*0.59,G,2017-06-23 00:00:00,Quantity of ammunition not available.,,,,,
WV,Wood CSO,1305014847701,12 GAUGE,360,EA,=E489*0.51,G,2017-06-23 00:00:00,Quantity of ammunition not available.,,,,,
WV,Wood CSO,1305014847701,12 GAUGE,864,EA,=E490*0.51,G,2017-06-23 00:00:00,Quantity of ammunition not available.,,,,,
WV,Wood CSO,1305014847701,12 GAUGE,900,EA,=E491*0.51,G,2017-06-23 00:00:00,Quantity of ammunition not available.,,,,,
WV,Wood CSO,1305015335663,5.56MM,13800,EA,=E492*0.4,G,2017-06-23 00:00:00,Quantity of ammunition not available.,,,,,
WV,WV State Police ,1305003011685,CAL .45,300000,EA,=E493*0.72,G,2017-06-23 00:00:00,Quantity of ammunition not available.,,,,,
WV,WV State Police ,1305009144719,5.56MM,9380,EA,=E494*0.29,G,2017-06-23 00:00:00,Agency cancelled their request.,,,,,
WV,WV State Police ,1305009263970,5.56MM,8615,EA,=E495*0.2,G,2017-06-23 00:00:00,Quantity of ammunition not available.,,,,,
WV,WV State Police ,1305014847701,12 GAUGE,360,EA,=E496*0.51,G,2017-06-23 00:00:00,Quantity of ammunition not available.,,,,,
WV,WV State Police ,1305015090177,5.56MM,5600,EA,=E497*0.27,G,2017-06-23 00:00:00,Quantity of ammunition not available.,,,,,
